sample_id,language,tp,fp,fn,precision,recall,f1,fnr,fpr,model
49216A,English,3,0,0,1.0,1.0,1.0,0.0,0.0,regex_baseline
42180C,English,0,0,0,0.0,0.0,0.0,0.0,0.0,regex_baseline
41103C,English,0,0,0,0.0,0.0,0.0,0.0,0.0,regex_baseline
50517C,English,1,0,0,1.0,1.0,1.0,0.0,0.0,regex_baseline
44262B,English,0,3,0,0.0,0.0,0.0,0.0,1.0,regex_baseline
43827B,English,1,4,0,0.2,1.0,0.3333,0.0,0.8,regex_baseline
43566A,English,1,2,0,0.3333,1.0,0.5,0.0,0.6667,regex_baseline
42532B,English,0,6,0,0.0,0.0,0.0,0.0,1.0,regex_baseline
50434B,English,0,2,0,0.0,0.0,0.0,0.0,1.0,regex_baseline
42073B,English,0,5,0,0.0,0.0,0.0,0.0,1.0,regex_baseline
49662A,English,0,0,1,0.0,0.0,0.0,1.0,0.0,regex_baseline
50503B,English,0,3,0,0.0,0.0,0.0,0.0,1.0,regex_baseline
52501A,English,0,3,0,0.0,0.0,0.0,0.0,1.0,regex_baseline
47967A,English,0,0,0,0.0,0.0,0.0,0.0,0.0,regex_baseline
41907A,English,2,0,0,1.0,1.0,1.0,0.0,0.0,regex_baseline
48527A,English,0,3,0,0.0,0.0,0.0,0.0,1.0,regex_baseline
46251C,English,0,1,0,0.0,0.0,0.0,0.0,1.0,regex_baseline
41204G,English,0,0,0,0.0,0.0,0.0,0.0,0.0,regex_baseline
41192A,English,0,2,0,0.0,0.0,0.0,0.0,1.0,regex_baseline
41976C,English,0,4,0,0.0,0.0,0.0,0.0,1.0,regex_baseline
43516A,English,0,0,0,0.0,0.0,0.0,0.0,0.0,regex_baseline
43696,English,2,6,1,0.25,0.6667,0.3636,0.3333,0.75,regex_baseline
47459B,English,3,3,0,0.5,1.0,0.6667,0.0,0.5,regex_baseline
48663A,English,0,1,0,0.0,0.0,0.0,0.0,1.0,regex_baseline
41151A,English,0,0,0,0.0,0.0,0.0,0.0,0.0,regex_baseline
48150C,English,2,1,0,0.6667,1.0,0.8,0.0,0.3333,regex_baseline
43229B,English,1,2,0,0.3333,1.0,0.5,0.0,0.6667,regex_baseline
50125A,English,1,1,0,0.5,1.0,0.6667,0.0,0.5,regex_baseline
49336B,English,0,0,0,0.0,0.0,0.0,0.0,0.0,regex_baseline
49908H,English,0,4,0,0.0,0.0,0.0,0.0,1.0,regex_baseline
47964B,English,0,0,0,0.0,0.0,0.0,0.0,0.0,regex_baseline
46214A,English,1,3,0,0.25,1.0,0.4,0.0,0.75,regex_baseline
43534D,English,0,0,0,0.0,0.0,0.0,0.0,0.0,regex_baseline
46667A,English,0,4,0,0.0,0.0,0.0,0.0,1.0,regex_baseline
48515C,English,0,3,0,0.0,0.0,0.0,0.0,1.0,regex_baseline
44299C,English,0,3,0,0.0,0.0,0.0,0.0,1.0,regex_baseline
51439A,English,0,1,0,0.0,0.0,0.0,0.0,1.0,regex_baseline
52206B,English,4,0,0,1.0,1.0,1.0,0.0,0.0,regex_baseline
40838B,English,1,4,0,0.2,1.0,0.3333,0.0,0.8,regex_baseline
50770B,English,1,1,0,0.5,1.0,0.6667,0.0,0.5,regex_baseline
51381C,English,0,0,1,0.0,0.0,0.0,1.0,0.0,regex_baseline
42798B,English,0,0,0,0.0,0.0,0.0,0.0,0.0,regex_baseline
49902A,English,0,0,0,0.0,0.0,0.0,0.0,0.0,regex_baseline
46260B,English,1,3,0,0.25,1.0,0.4,0.0,0.75,regex_baseline
45169A,English,1,4,0,0.2,1.0,0.3333,0.0,0.8,regex_baseline
44299A,English,0,0,0,0.0,0.0,0.0,0.0,0.0,regex_baseline
42750C,English,0,3,0,0.0,0.0,0.0,0.0,1.0,regex_baseline
43461A,English,0,2,0,0.0,0.0,0.0,0.0,1.0,regex_baseline
53399C,English,0,0,0,0.0,0.0,0.0,0.0,0.0,regex_baseline
50829A,English,0,0,0,0.0,0.0,0.0,0.0,0.0,regex_baseline
45106A,English,1,3,0,0.25,1.0,0.4,0.0,0.75,regex_baseline
42071E,English,0,0,0,0.0,0.0,0.0,0.0,0.0,regex_baseline
41960C,English,1,0,0,1.0,1.0,1.0,0.0,0.0,regex_baseline
45677B,English,0,6,0,0.0,0.0,0.0,0.0,1.0,regex_baseline
42010A,English,0,9,0,0.0,0.0,0.0,0.0,1.0,regex_baseline
45387C,English,0,0,0,0.0,0.0,0.0,0.0,0.0,regex_baseline
51915A,English,0,0,0,0.0,0.0,0.0,0.0,0.0,regex_baseline
45220D,English,0,0,1,0.0,0.0,0.0,1.0,0.0,regex_baseline
48697A,English,0,1,1,0.0,0.0,0.0,1.0,1.0,regex_baseline
44113A,English,0,2,0,0.0,0.0,0.0,0.0,1.0,regex_baseline
51419B,English,4,0,0,1.0,1.0,1.0,0.0,0.0,regex_baseline
41341B,English,0,3,0,0.0,0.0,0.0,0.0,1.0,regex_baseline
50328A,English,0,0,0,0.0,0.0,0.0,0.0,0.0,regex_baseline
46783B,English,0,3,0,0.0,0.0,0.0,0.0,1.0,regex_baseline
47842B,English,0,5,1,0.0,0.0,0.0,1.0,1.0,regex_baseline
42335B,English,0,8,0,0.0,0.0,0.0,0.0,1.0,regex_baseline
52890H,English,0,1,0,0.0,0.0,0.0,0.0,1.0,regex_baseline
45661C,English,0,0,0,0.0,0.0,0.0,0.0,0.0,regex_baseline
41803C,English,1,0,0,1.0,1.0,1.0,0.0,0.0,regex_baseline
48022B,English,0,3,1,0.0,0.0,0.0,1.0,1.0,regex_baseline
44525A,English,1,2,0,0.3333,1.0,0.5,0.0,0.6667,regex_baseline
51675B,English,1,4,0,0.2,1.0,0.3333,0.0,0.8,regex_baseline
49099C,English,0,3,0,0.0,0.0,0.0,0.0,1.0,regex_baseline
48938A,English,0,6,0,0.0,0.0,0.0,0.0,1.0,regex_baseline
52431A,English,1,3,0,0.25,1.0,0.4,0.0,0.75,regex_baseline
52107A,English,0,1,0,0.0,0.0,0.0,0.0,1.0,regex_baseline
45434B,English,0,0,0,0.0,0.0,0.0,0.0,0.0,regex_baseline
48366B,English,0,2,0,0.0,0.0,0.0,0.0,1.0,regex_baseline
43173C,English,0,2,0,0.0,0.0,0.0,0.0,1.0,regex_baseline
49984C,English,0,2,1,0.0,0.0,0.0,1.0,1.0,regex_baseline
41673B,English,1,2,0,0.3333,1.0,0.5,0.0,0.6667,regex_baseline
41368A,English,2,3,0,0.4,1.0,0.5714,0.0,0.6,regex_baseline
49476D,English,0,0,0,0.0,0.0,0.0,0.0,0.0,regex_baseline
43632A,English,0,1,0,0.0,0.0,0.0,0.0,1.0,regex_baseline
50938A,English,0,10,0,0.0,0.0,0.0,0.0,1.0,regex_baseline
44471D,English,0,0,1,0.0,0.0,0.0,1.0,0.0,regex_baseline
41810B,English,1,2,0,0.3333,1.0,0.5,0.0,0.6667,regex_baseline
52009C,English,0,1,0,0.0,0.0,0.0,0.0,1.0,regex_baseline
43699B,English,0,0,0,0.0,0.0,0.0,0.0,0.0,regex_baseline
52165C,English,1,9,1,0.1,0.5,0.1667,0.5,0.9,regex_baseline
42062C,English,1,2,0,0.3333,1.0,0.5,0.0,0.6667,regex_baseline
45677C,English,0,5,0,0.0,0.0,0.0,0.0,1.0,regex_baseline
44299B,English,0,2,0,0.0,0.0,0.0,0.0,1.0,regex_baseline
46710A,English,1,1,0,0.5,1.0,0.6667,0.0,0.5,regex_baseline
49181E,English,0,1,0,0.0,0.0,0.0,0.0,1.0,regex_baseline
51735B,English,0,2,0,0.0,0.0,0.0,0.0,1.0,regex_baseline
45470C,English,0,4,0,0.0,0.0,0.0,0.0,1.0,regex_baseline
42838D,English,0,0,0,0.0,0.0,0.0,0.0,0.0,regex_baseline
45549C,English,0,0,0,0.0,0.0,0.0,0.0,0.0,regex_baseline
45358B,English,1,3,0,0.25,1.0,0.4,0.0,0.75,regex_baseline
43370C,English,1,1,1,0.5,0.5,0.5,0.5,0.5,regex_baseline
49580B,English,2,3,0,0.4,1.0,0.5714,0.0,0.6,regex_baseline
44153C,English,0,0,0,0.0,0.0,0.0,0.0,0.0,regex_baseline
49914B,English,1,1,0,0.5,1.0,0.6667,0.0,0.5,regex_baseline
53088A,English,0,2,0,0.0,0.0,0.0,0.0,1.0,regex_baseline
49722C,English,0,1,1,0.0,0.0,0.0,1.0,1.0,regex_baseline
49312C,English,1,0,0,1.0,1.0,1.0,0.0,0.0,regex_baseline
41713A,English,0,5,0,0.0,0.0,0.0,0.0,1.0,regex_baseline
48780C,English,0,0,0,0.0,0.0,0.0,0.0,0.0,regex_baseline
49180B,English,0,0,0,0.0,0.0,0.0,0.0,0.0,regex_baseline
42948D,English,0,0,1,0.0,0.0,0.0,1.0,0.0,regex_baseline
47828C,English,0,3,0,0.0,0.0,0.0,0.0,1.0,regex_baseline
50313B,English,0,10,0,0.0,0.0,0.0,0.0,1.0,regex_baseline
43827A,English,0,0,0,0.0,0.0,0.0,0.0,0.0,regex_baseline
42852A,English,0,2,1,0.0,0.0,0.0,1.0,1.0,regex_baseline
46829B,English,1,2,0,0.3333,1.0,0.5,0.0,0.6667,regex_baseline
45674A,English,0,0,0,0.0,0.0,0.0,0.0,0.0,regex_baseline
44190A,English,0,1,0,0.0,0.0,0.0,0.0,1.0,regex_baseline
52941B,English,0,0,0,0.0,0.0,0.0,0.0,0.0,regex_baseline
49221C,English,0,0,0,0.0,0.0,0.0,0.0,0.0,regex_baseline
49776B,English,0,15,0,0.0,0.0,0.0,0.0,1.0,regex_baseline
48092A,English,0,4,0,0.0,0.0,0.0,0.0,1.0,regex_baseline
43529,English,0,3,0,0.0,0.0,0.0,0.0,1.0,regex_baseline
49747A,English,0,2,0,0.0,0.0,0.0,0.0,1.0,regex_baseline
44945A,English,0,0,0,0.0,0.0,0.0,0.0,0.0,regex_baseline
51855A,English,1,4,1,0.2,0.5,0.2857,0.5,0.8,regex_baseline
50893G,English,0,0,0,0.0,0.0,0.0,0.0,0.0,regex_baseline
50970A,English,0,0,0,0.0,0.0,0.0,0.0,0.0,regex_baseline
41492A,English,0,2,0,0.0,0.0,0.0,0.0,1.0,regex_baseline
43645C,English,1,2,0,0.3333,1.0,0.5,0.0,0.6667,regex_baseline
51583C,English,0,0,0,0.0,0.0,0.0,0.0,0.0,regex_baseline
41210B,English,1,1,0,0.5,1.0,0.6667,0.0,0.5,regex_baseline
51364B,English,1,2,0,0.3333,1.0,0.5,0.0,0.6667,regex_baseline
44814B,English,0,2,0,0.0,0.0,0.0,0.0,1.0,regex_baseline
45974A,English,0,2,0,0.0,0.0,0.0,0.0,1.0,regex_baseline
44161A,English,0,2,0,0.0,0.0,0.0,0.0,1.0,regex_baseline
41610B,English,0,0,0,0.0,0.0,0.0,0.0,0.0,regex_baseline
43387A,English,0,0,1,0.0,0.0,0.0,1.0,0.0,regex_baseline
52787A,English,1,2,0,0.3333,1.0,0.5,0.0,0.6667,regex_baseline
53163F,English,0,2,0,0.0,0.0,0.0,0.0,1.0,regex_baseline
48225B,English,1,3,0,0.25,1.0,0.4,0.0,0.75,regex_baseline
52317H,English,0,0,0,0.0,0.0,0.0,0.0,0.0,regex_baseline
50158A,English,0,3,0,0.0,0.0,0.0,0.0,1.0,regex_baseline
44807A,English,2,1,0,0.6667,1.0,0.8,0.0,0.3333,regex_baseline
43421C,English,0,0,0,0.0,0.0,0.0,0.0,0.0,regex_baseline
49399A,English,0,0,0,0.0,0.0,0.0,0.0,0.0,regex_baseline
47316B,English,0,0,0,0.0,0.0,0.0,0.0,0.0,regex_baseline
45902D,English,0,0,0,0.0,0.0,0.0,0.0,0.0,regex_baseline
52411C,English,0,0,0,0.0,0.0,0.0,0.0,0.0,regex_baseline
52795B,English,0,0,0,0.0,0.0,0.0,0.0,0.0,regex_baseline
49251C,English,1,8,0,0.1111,1.0,0.2,0.0,0.8889,regex_baseline
46778B,English,0,3,0,0.0,0.0,0.0,0.0,1.0,regex_baseline
42578D,English,0,0,0,0.0,0.0,0.0,0.0,0.0,regex_baseline
44113D,English,0,0,0,0.0,0.0,0.0,0.0,0.0,regex_baseline
43871A,English,0,4,0,0.0,0.0,0.0,0.0,1.0,regex_baseline
50564C,English,0,5,0,0.0,0.0,0.0,0.0,1.0,regex_baseline
48152A,English,2,0,0,1.0,1.0,1.0,0.0,0.0,regex_baseline
47888B,English,0,2,0,0.0,0.0,0.0,0.0,1.0,regex_baseline
44084,English,0,10,1,0.0,0.0,0.0,1.0,1.0,regex_baseline
50594B,English,0,0,1,0.0,0.0,0.0,1.0,0.0,regex_baseline
48442D,English,0,0,0,0.0,0.0,0.0,0.0,0.0,regex_baseline
46373D,English,0,1,0,0.0,0.0,0.0,0.0,1.0,regex_baseline
52558C,English,0,0,0,0.0,0.0,0.0,0.0,0.0,regex_baseline
48434B,English,0,0,0,0.0,0.0,0.0,0.0,0.0,regex_baseline
45950A,English,0,3,0,0.0,0.0,0.0,0.0,1.0,regex_baseline
45437C,English,1,0,0,1.0,1.0,1.0,0.0,0.0,regex_baseline
43523C,English,0,0,0,0.0,0.0,0.0,0.0,0.0,regex_baseline
42514C,English,0,2,0,0.0,0.0,0.0,0.0,1.0,regex_baseline
47522D,English,0,0,0,0.0,0.0,0.0,0.0,0.0,regex_baseline
47263E,English,3,3,0,0.5,1.0,0.6667,0.0,0.5,regex_baseline
41944A,English,0,1,0,0.0,0.0,0.0,0.0,1.0,regex_baseline
50735A,English,0,0,0,0.0,0.0,0.0,0.0,0.0,regex_baseline
41372C,English,0,0,0,0.0,0.0,0.0,0.0,0.0,regex_baseline
52100A,English,2,10,0,0.1667,1.0,0.2857,0.0,0.8333,regex_baseline
42167,English,0,4,1,0.0,0.0,0.0,1.0,1.0,regex_baseline
42700A,English,2,2,0,0.5,1.0,0.6667,0.0,0.5,regex_baseline
49087B,English,1,1,0,0.5,1.0,0.6667,0.0,0.5,regex_baseline
42803B,English,1,2,0,0.3333,1.0,0.5,0.0,0.6667,regex_baseline
51193B,English,0,0,0,0.0,0.0,0.0,0.0,0.0,regex_baseline
49697C,English,4,0,0,1.0,1.0,1.0,0.0,0.0,regex_baseline
46255B,English,0,0,0,0.0,0.0,0.0,0.0,0.0,regex_baseline
48588A,English,2,0,0,1.0,1.0,1.0,0.0,0.0,regex_baseline
41574B,English,0,3,0,0.0,0.0,0.0,0.0,1.0,regex_baseline
45732C,English,0,1,0,0.0,0.0,0.0,0.0,1.0,regex_baseline
45702D,English,0,0,0,0.0,0.0,0.0,0.0,0.0,regex_baseline
48584B,English,0,0,0,0.0,0.0,0.0,0.0,0.0,regex_baseline
46915,English,0,0,0,0.0,0.0,0.0,0.0,0.0,regex_baseline
47777B,English,0,0,1,0.0,0.0,0.0,1.0,0.0,regex_baseline
43934A,English,0,0,0,0.0,0.0,0.0,0.0,0.0,regex_baseline
48029B,English,0,1,1,0.0,0.0,0.0,1.0,1.0,regex_baseline
52096A,English,0,0,0,0.0,0.0,0.0,0.0,0.0,regex_baseline
53163B,English,0,2,0,0.0,0.0,0.0,0.0,1.0,regex_baseline
40907E,English,0,0,0,0.0,0.0,0.0,0.0,0.0,regex_baseline
49697A,English,4,1,0,0.8,1.0,0.8889,0.0,0.2,regex_baseline
50213C,English,0,1,1,0.0,0.0,0.0,1.0,1.0,regex_baseline
42220A,English,0,0,0,0.0,0.0,0.0,0.0,0.0,regex_baseline
49716C,English,0,1,0,0.0,0.0,0.0,0.0,1.0,regex_baseline
52411D,English,0,0,0,0.0,0.0,0.0,0.0,0.0,regex_baseline
47860A,English,1,2,0,0.3333,1.0,0.5,0.0,0.6667,regex_baseline
50655B,English,0,0,0,0.0,0.0,0.0,0.0,0.0,regex_baseline
44153A,English,1,1,0,0.5,1.0,0.6667,0.0,0.5,regex_baseline
50895B,English,5,11,0,0.3125,1.0,0.4762,0.0,0.6875,regex_baseline
49229B,English,0,2,0,0.0,0.0,0.0,0.0,1.0,regex_baseline
45161C,English,1,1,0,0.5,1.0,0.6667,0.0,0.5,regex_baseline
42180D,English,0,0,0,0.0,0.0,0.0,0.0,0.0,regex_baseline
44525D,English,0,2,0,0.0,0.0,0.0,0.0,1.0,regex_baseline
46452B,English,0,8,0,0.0,0.0,0.0,0.0,1.0,regex_baseline
42779C,English,0,0,0,0.0,0.0,0.0,0.0,0.0,regex_baseline
46710C,English,1,1,0,0.5,1.0,0.6667,0.0,0.5,regex_baseline
40798C,English,1,0,0,1.0,1.0,1.0,0.0,0.0,regex_baseline
53338A,English,1,0,0,1.0,1.0,1.0,0.0,0.0,regex_baseline
50224A,English,0,0,0,0.0,0.0,0.0,0.0,0.0,regex_baseline
52317C,English,0,0,0,0.0,0.0,0.0,0.0,0.0,regex_baseline
50189E,English,0,0,1,0.0,0.0,0.0,1.0,0.0,regex_baseline
44089B,English,0,2,0,0.0,0.0,0.0,0.0,1.0,regex_baseline
47337C,English,1,1,0,0.5,1.0,0.6667,0.0,0.5,regex_baseline
50808B,English,0,9,0,0.0,0.0,0.0,0.0,1.0,regex_baseline
43026A,English,0,5,0,0.0,0.0,0.0,0.0,1.0,regex_baseline
47490C,English,0,0,0,0.0,0.0,0.0,0.0,0.0,regex_baseline
52780C,English,0,0,0,0.0,0.0,0.0,0.0,0.0,regex_baseline
42116C,English,0,3,0,0.0,0.0,0.0,0.0,1.0,regex_baseline
52215E,English,1,0,0,1.0,1.0,1.0,0.0,0.0,regex_baseline
49037F,English,0,2,0,0.0,0.0,0.0,0.0,1.0,regex_baseline
44596B,English,0,3,0,0.0,0.0,0.0,0.0,1.0,regex_baseline
51838C,English,0,1,0,0.0,0.0,0.0,0.0,1.0,regex_baseline
49210C,English,0,0,0,0.0,0.0,0.0,0.0,0.0,regex_baseline
48780A,English,1,3,1,0.25,0.5,0.3333,0.5,0.75,regex_baseline
43237A,English,0,0,0,0.0,0.0,0.0,0.0,0.0,regex_baseline
45607B,English,0,3,0,0.0,0.0,0.0,0.0,1.0,regex_baseline
50821B,English,0,0,0,0.0,0.0,0.0,0.0,0.0,regex_baseline
42827A,English,2,3,0,0.4,1.0,0.5714,0.0,0.6,regex_baseline
47898A,English,0,3,1,0.0,0.0,0.0,1.0,1.0,regex_baseline
53334C,English,1,2,0,0.3333,1.0,0.5,0.0,0.6667,regex_baseline
50991C,English,2,3,0,0.4,1.0,0.5714,0.0,0.6,regex_baseline
52897A,English,1,3,0,0.25,1.0,0.4,0.0,0.75,regex_baseline
47782E,English,0,9,0,0.0,0.0,0.0,0.0,1.0,regex_baseline
52854C,English,0,0,1,0.0,0.0,0.0,1.0,0.0,regex_baseline
40779A,English,0,0,0,0.0,0.0,0.0,0.0,0.0,regex_baseline
48625B,English,0,4,0,0.0,0.0,0.0,0.0,1.0,regex_baseline
44941B,English,0,3,1,0.0,0.0,0.0,1.0,1.0,regex_baseline
47211A,English,1,1,0,0.5,1.0,0.6667,0.0,0.5,regex_baseline
41044B,English,0,3,1,0.0,0.0,0.0,1.0,1.0,regex_baseline
42186C,English,0,3,1,0.0,0.0,0.0,1.0,1.0,regex_baseline
52990B,English,0,3,0,0.0,0.0,0.0,0.0,1.0,regex_baseline
45444B,English,0,0,0,0.0,0.0,0.0,0.0,0.0,regex_baseline
52336D,English,0,0,0,0.0,0.0,0.0,0.0,0.0,regex_baseline
51700A,English,4,2,0,0.6667,1.0,0.8,0.0,0.3333,regex_baseline
51404C,English,0,3,0,0.0,0.0,0.0,0.0,1.0,regex_baseline
44711B,English,0,4,0,0.0,0.0,0.0,0.0,1.0,regex_baseline
43762B,English,2,0,0,1.0,1.0,1.0,0.0,0.0,regex_baseline
41517C,English,1,2,0,0.3333,1.0,0.5,0.0,0.6667,regex_baseline
43774C,English,3,3,1,0.5,0.75,0.6,0.25,0.5,regex_baseline
52331B,English,1,1,0,0.5,1.0,0.6667,0.0,0.5,regex_baseline
48230A,English,0,0,0,0.0,0.0,0.0,0.0,0.0,regex_baseline
53225C,English,0,0,0,0.0,0.0,0.0,0.0,0.0,regex_baseline
41880C,English,0,1,1,0.0,0.0,0.0,1.0,1.0,regex_baseline
50351F,English,0,1,0,0.0,0.0,0.0,0.0,1.0,regex_baseline
47173,English,0,6,1,0.0,0.0,0.0,1.0,1.0,regex_baseline
51524B,English,0,2,0,0.0,0.0,0.0,0.0,1.0,regex_baseline
41669B,English,0,1,1,0.0,0.0,0.0,1.0,1.0,regex_baseline
50789C,English,0,0,0,0.0,0.0,0.0,0.0,0.0,regex_baseline
47811C,English,0,5,0,0.0,0.0,0.0,0.0,1.0,regex_baseline
50865B,English,0,0,0,0.0,0.0,0.0,0.0,0.0,regex_baseline
42352A,English,0,1,1,0.0,0.0,0.0,1.0,1.0,regex_baseline
42384C,English,1,0,0,1.0,1.0,1.0,0.0,0.0,regex_baseline
49453A,English,0,0,0,0.0,0.0,0.0,0.0,0.0,regex_baseline
47033B,English,0,7,0,0.0,0.0,0.0,0.0,1.0,regex_baseline
53225B,English,1,1,0,0.5,1.0,0.6667,0.0,0.5,regex_baseline
48004A,English,0,2,0,0.0,0.0,0.0,0.0,1.0,regex_baseline
42870C,English,0,1,0,0.0,0.0,0.0,0.0,1.0,regex_baseline
44120A,English,0,0,1,0.0,0.0,0.0,1.0,0.0,regex_baseline
47751B,English,0,1,0,0.0,0.0,0.0,0.0,1.0,regex_baseline
52253C,English,0,3,0,0.0,0.0,0.0,0.0,1.0,regex_baseline
48739C,English,0,0,0,0.0,0.0,0.0,0.0,0.0,regex_baseline
46278A,English,1,2,0,0.3333,1.0,0.5,0.0,0.6667,regex_baseline
53542A,English,0,2,0,0.0,0.0,0.0,0.0,1.0,regex_baseline
43398B,English,0,0,0,0.0,0.0,0.0,0.0,0.0,regex_baseline
52983D,English,0,2,1,0.0,0.0,0.0,1.0,1.0,regex_baseline
47888D,English,0,0,0,0.0,0.0,0.0,0.0,0.0,regex_baseline
50726B,English,0,1,0,0.0,0.0,0.0,0.0,1.0,regex_baseline
50328C,English,0,2,0,0.0,0.0,0.0,0.0,1.0,regex_baseline
49817D,English,0,0,0,0.0,0.0,0.0,0.0,0.0,regex_baseline
43266C,English,0,0,1,0.0,0.0,0.0,1.0,0.0,regex_baseline
50088B,English,6,1,0,0.8571,1.0,0.9231,0.0,0.1429,regex_baseline
44753C,English,0,0,0,0.0,0.0,0.0,0.0,0.0,regex_baseline
45948A,English,0,0,0,0.0,0.0,0.0,0.0,0.0,regex_baseline
49614A,English,1,5,0,0.1667,1.0,0.2857,0.0,0.8333,regex_baseline
45601B,English,1,4,0,0.2,1.0,0.3333,0.0,0.8,regex_baseline
46500A,English,2,5,2,0.2857,0.5,0.3636,0.5,0.7143,regex_baseline
52587C,English,0,0,0,0.0,0.0,0.0,0.0,0.0,regex_baseline
47609,English,1,2,0,0.3333,1.0,0.5,0.0,0.6667,regex_baseline
46691C,English,0,0,0,0.0,0.0,0.0,0.0,0.0,regex_baseline
42281C,English,0,0,0,0.0,0.0,0.0,0.0,0.0,regex_baseline
43880C,English,0,1,0,0.0,0.0,0.0,0.0,1.0,regex_baseline
43577C,English,1,1,0,0.5,1.0,0.6667,0.0,0.5,regex_baseline
41586A,English,0,1,0,0.0,0.0,0.0,0.0,1.0,regex_baseline
45133A,English,1,2,0,0.3333,1.0,0.5,0.0,0.6667,regex_baseline
41067A,English,0,2,1,0.0,0.0,0.0,1.0,1.0,regex_baseline
48505A,English,0,7,0,0.0,0.0,0.0,0.0,1.0,regex_baseline
48036B,English,2,1,1,0.6667,0.6667,0.6667,0.3333,0.3333,regex_baseline
43663A,English,0,0,0,0.0,0.0,0.0,0.0,0.0,regex_baseline
48505B,English,0,9,0,0.0,0.0,0.0,0.0,1.0,regex_baseline
43534C,English,0,2,0,0.0,0.0,0.0,0.0,1.0,regex_baseline
40848,English,0,5,0,0.0,0.0,0.0,0.0,1.0,regex_baseline
41704B,English,0,0,0,0.0,0.0,0.0,0.0,0.0,regex_baseline
50024C,English,0,0,0,0.0,0.0,0.0,0.0,0.0,regex_baseline
49141A,English,1,0,0,1.0,1.0,1.0,0.0,0.0,regex_baseline
41528A,English,1,2,0,0.3333,1.0,0.5,0.0,0.6667,regex_baseline
43645B,English,1,0,0,1.0,1.0,1.0,0.0,0.0,regex_baseline
41619C,English,0,0,0,0.0,0.0,0.0,0.0,0.0,regex_baseline
52681B,English,1,1,0,0.5,1.0,0.6667,0.0,0.5,regex_baseline
41204D,English,0,0,0,0.0,0.0,0.0,0.0,0.0,regex_baseline
52085A,English,0,0,0,0.0,0.0,0.0,0.0,0.0,regex_baseline
45023C,English,0,5,0,0.0,0.0,0.0,0.0,1.0,regex_baseline
41704A,English,0,0,0,0.0,0.0,0.0,0.0,0.0,regex_baseline
47583A,English,0,0,1,0.0,0.0,0.0,1.0,0.0,regex_baseline
43753A,English,1,4,0,0.2,1.0,0.3333,0.0,0.8,regex_baseline
44301B,English,5,5,0,0.5,1.0,0.6667,0.0,0.5,regex_baseline
49565B,English,0,2,0,0.0,0.0,0.0,0.0,1.0,regex_baseline
47165C,English,0,6,0,0.0,0.0,0.0,0.0,1.0,regex_baseline
43448A,English,0,0,0,0.0,0.0,0.0,0.0,0.0,regex_baseline
42448B,English,2,0,0,1.0,1.0,1.0,0.0,0.0,regex_baseline
50237B,English,0,0,1,0.0,0.0,0.0,1.0,0.0,regex_baseline
53069C,English,0,0,0,0.0,0.0,0.0,0.0,0.0,regex_baseline
52380D,English,0,2,1,0.0,0.0,0.0,1.0,1.0,regex_baseline
48278A,English,0,5,0,0.0,0.0,0.0,0.0,1.0,regex_baseline
48354A,English,2,2,0,0.5,1.0,0.6667,0.0,0.5,regex_baseline
47014C,English,0,0,0,0.0,0.0,0.0,0.0,0.0,regex_baseline
43795B,English,0,1,0,0.0,0.0,0.0,0.0,1.0,regex_baseline
51089A,English,1,0,0,1.0,1.0,1.0,0.0,0.0,regex_baseline
47016B,English,0,1,0,0.0,0.0,0.0,0.0,1.0,regex_baseline
51422B,English,0,5,0,0.0,0.0,0.0,0.0,1.0,regex_baseline
46047B,English,0,0,0,0.0,0.0,0.0,0.0,0.0,regex_baseline
43159B,English,0,4,0,0.0,0.0,0.0,0.0,1.0,regex_baseline
41987B,English,0,0,0,0.0,0.0,0.0,0.0,0.0,regex_baseline
42017A,English,0,0,0,0.0,0.0,0.0,0.0,0.0,regex_baseline
49447C,English,0,0,0,0.0,0.0,0.0,0.0,0.0,regex_baseline
46396A,English,0,1,0,0.0,0.0,0.0,0.0,1.0,regex_baseline
45342B,English,1,3,0,0.25,1.0,0.4,0.0,0.75,regex_baseline
46280B,English,0,1,0,0.0,0.0,0.0,0.0,1.0,regex_baseline
46129A,English,0,2,0,0.0,0.0,0.0,0.0,1.0,regex_baseline
46900B,English,0,0,0,0.0,0.0,0.0,0.0,0.0,regex_baseline
52138A,English,0,2,0,0.0,0.0,0.0,0.0,1.0,regex_baseline
50313A,English,0,6,1,0.0,0.0,0.0,1.0,1.0,regex_baseline
41453B,English,6,1,1,0.8571,0.8571,0.8571,0.1429,0.1429,regex_baseline
49637A,English,0,1,0,0.0,0.0,0.0,0.0,1.0,regex_baseline
49382B,English,0,1,0,0.0,0.0,0.0,0.0,1.0,regex_baseline
49299A,English,0,0,0,0.0,0.0,0.0,0.0,0.0,regex_baseline
42036A,English,0,2,2,0.0,0.0,0.0,1.0,1.0,regex_baseline
41550B,English,0,1,0,0.0,0.0,0.0,0.0,1.0,regex_baseline
46003B,English,0,0,0,0.0,0.0,0.0,0.0,0.0,regex_baseline
50298B,English,0,1,0,0.0,0.0,0.0,0.0,1.0,regex_baseline
45155A,English,1,0,0,1.0,1.0,1.0,0.0,0.0,regex_baseline
51319A,English,0,1,1,0.0,0.0,0.0,1.0,1.0,regex_baseline
52102C,English,0,3,0,0.0,0.0,0.0,0.0,1.0,regex_baseline
42159A,English,0,0,0,0.0,0.0,0.0,0.0,0.0,regex_baseline
43882F,English,0,2,0,0.0,0.0,0.0,0.0,1.0,regex_baseline
43169A,English,1,2,1,0.3333,0.5,0.4,0.5,0.6667,regex_baseline
43159A,English,0,1,0,0.0,0.0,0.0,0.0,1.0,regex_baseline
47847A,English,1,2,1,0.3333,0.5,0.4,0.5,0.6667,regex_baseline
46659B,English,0,0,0,0.0,0.0,0.0,0.0,0.0,regex_baseline
42542B,English,0,0,0,0.0,0.0,0.0,0.0,0.0,regex_baseline
43077A,English,0,0,0,0.0,0.0,0.0,0.0,0.0,regex_baseline
46838A,English,0,1,0,0.0,0.0,0.0,0.0,1.0,regex_baseline
43915C,English,0,2,0,0.0,0.0,0.0,0.0,1.0,regex_baseline
52288A,English,1,0,0,1.0,1.0,1.0,0.0,0.0,regex_baseline
52916A,English,0,2,2,0.0,0.0,0.0,1.0,1.0,regex_baseline
41757C,English,0,0,1,0.0,0.0,0.0,1.0,0.0,regex_baseline
46565A,English,0,1,0,0.0,0.0,0.0,0.0,1.0,regex_baseline
51428C,English,0,6,0,0.0,0.0,0.0,0.0,1.0,regex_baseline
52102A,English,0,0,0,0.0,0.0,0.0,0.0,0.0,regex_baseline
52019B,English,0,5,0,0.0,0.0,0.0,0.0,1.0,regex_baseline
48007B,English,1,0,0,1.0,1.0,1.0,0.0,0.0,regex_baseline
42027E,English,1,0,0,1.0,1.0,1.0,0.0,0.0,regex_baseline
41411A,English,0,0,0,0.0,0.0,0.0,0.0,0.0,regex_baseline
49363B,English,0,0,0,0.0,0.0,0.0,0.0,0.0,regex_baseline
47916D,English,0,3,0,0.0,0.0,0.0,0.0,1.0,regex_baseline
51756,English,1,3,0,0.25,1.0,0.4,0.0,0.75,regex_baseline
40950A,English,1,2,0,0.3333,1.0,0.5,0.0,0.6667,regex_baseline
53607A,English,0,1,0,0.0,0.0,0.0,0.0,1.0,regex_baseline
41968B,English,1,2,0,0.3333,1.0,0.5,0.0,0.6667,regex_baseline
52958B,English,0,1,0,0.0,0.0,0.0,0.0,1.0,regex_baseline
50688C,English,0,0,0,0.0,0.0,0.0,0.0,0.0,regex_baseline
51931B,English,5,10,0,0.3333,1.0,0.5,0.0,0.6667,regex_baseline
43740A,English,0,6,0,0.0,0.0,0.0,0.0,1.0,regex_baseline
42883A,English,0,2,0,0.0,0.0,0.0,0.0,1.0,regex_baseline
46036B,English,0,3,0,0.0,0.0,0.0,0.0,1.0,regex_baseline
47170A,English,0,0,0,0.0,0.0,0.0,0.0,0.0,regex_baseline
47110D,English,0,0,0,0.0,0.0,0.0,0.0,0.0,regex_baseline
43443D,English,0,0,0,0.0,0.0,0.0,0.0,0.0,regex_baseline
52147C,English,0,0,0,0.0,0.0,0.0,0.0,0.0,regex_baseline
45970B,English,0,0,0,0.0,0.0,0.0,0.0,0.0,regex_baseline
52621C,English,0,3,1,0.0,0.0,0.0,1.0,1.0,regex_baseline
41525D,English,0,0,0,0.0,0.0,0.0,0.0,0.0,regex_baseline
42863C,English,0,2,0,0.0,0.0,0.0,0.0,1.0,regex_baseline
45666C,English,0,0,0,0.0,0.0,0.0,0.0,0.0,regex_baseline
40790E,English,0,0,1,0.0,0.0,0.0,1.0,0.0,regex_baseline
45816B,English,0,0,1,0.0,0.0,0.0,1.0,0.0,regex_baseline
44120B,English,0,0,0,0.0,0.0,0.0,0.0,0.0,regex_baseline
52962B,English,0,3,0,0.0,0.0,0.0,0.0,1.0,regex_baseline
51088A,English,1,4,0,0.2,1.0,0.3333,0.0,0.8,regex_baseline
51093A,English,1,2,0,0.3333,1.0,0.5,0.0,0.6667,regex_baseline
46730B,English,0,1,0,0.0,0.0,0.0,0.0,1.0,regex_baseline
44425A,English,1,0,0,1.0,1.0,1.0,0.0,0.0,regex_baseline
46274C,English,0,0,0,0.0,0.0,0.0,0.0,0.0,regex_baseline
49887C,English,0,0,0,0.0,0.0,0.0,0.0,0.0,regex_baseline
53407A,English,2,3,0,0.4,1.0,0.5714,0.0,0.6,regex_baseline
50335,English,0,5,1,0.0,0.0,0.0,1.0,1.0,regex_baseline
51071A,English,0,0,0,0.0,0.0,0.0,0.0,0.0,regex_baseline
48080A,English,0,1,0,0.0,0.0,0.0,0.0,1.0,regex_baseline
49483A,English,0,0,0,0.0,0.0,0.0,0.0,0.0,regex_baseline
50174A,English,0,2,0,0.0,0.0,0.0,0.0,1.0,regex_baseline
47190A,English,1,0,0,1.0,1.0,1.0,0.0,0.0,regex_baseline
42742B,English,0,3,0,0.0,0.0,0.0,0.0,1.0,regex_baseline
43157A,English,0,0,0,0.0,0.0,0.0,0.0,0.0,regex_baseline
44567A,English,0,0,0,0.0,0.0,0.0,0.0,0.0,regex_baseline
43509B,English,0,3,0,0.0,0.0,0.0,0.0,1.0,regex_baseline
53595C,English,1,1,0,0.5,1.0,0.6667,0.0,0.5,regex_baseline
41525C,English,1,0,0,1.0,1.0,1.0,0.0,0.0,regex_baseline
48385B,English,0,2,0,0.0,0.0,0.0,0.0,1.0,regex_baseline
50431C,English,0,3,0,0.0,0.0,0.0,0.0,1.0,regex_baseline
47925C,English,0,0,0,0.0,0.0,0.0,0.0,0.0,regex_baseline
41553A,English,1,0,0,1.0,1.0,1.0,0.0,0.0,regex_baseline
50599B,English,0,2,1,0.0,0.0,0.0,1.0,1.0,regex_baseline
44792A,English,0,1,0,0.0,0.0,0.0,0.0,1.0,regex_baseline
41509A,English,0,0,0,0.0,0.0,0.0,0.0,0.0,regex_baseline
41400C,English,0,1,0,0.0,0.0,0.0,0.0,1.0,regex_baseline
48442A,English,1,2,0,0.3333,1.0,0.5,0.0,0.6667,regex_baseline
47056A,English,5,0,0,1.0,1.0,1.0,0.0,0.0,regex_baseline
47394A,English,1,1,1,0.5,0.5,0.5,0.5,0.5,regex_baseline
52861C,English,0,2,0,0.0,0.0,0.0,0.0,1.0,regex_baseline
51973A,English,1,3,1,0.25,0.5,0.3333,0.5,0.75,regex_baseline
47799A,English,0,0,0,0.0,0.0,0.0,0.0,0.0,regex_baseline
42771C,English,0,0,0,0.0,0.0,0.0,0.0,0.0,regex_baseline
41502C,English,0,3,0,0.0,0.0,0.0,0.0,1.0,regex_baseline
53478A,English,0,3,0,0.0,0.0,0.0,0.0,1.0,regex_baseline
47498A,English,0,7,0,0.0,0.0,0.0,0.0,1.0,regex_baseline
41815,English,1,3,0,0.25,1.0,0.4,0.0,0.75,regex_baseline
51953E,English,0,0,0,0.0,0.0,0.0,0.0,0.0,regex_baseline
43101A,English,0,0,0,0.0,0.0,0.0,0.0,0.0,regex_baseline
41639A,English,0,0,0,0.0,0.0,0.0,0.0,0.0,regex_baseline
48578A,English,1,3,1,0.25,0.5,0.3333,0.5,0.75,regex_baseline
41622B,English,0,2,0,0.0,0.0,0.0,0.0,1.0,regex_baseline
49649C,English,0,1,1,0.0,0.0,0.0,1.0,1.0,regex_baseline
52107B,English,0,0,0,0.0,0.0,0.0,0.0,0.0,regex_baseline
43733A,English,0,0,0,0.0,0.0,0.0,0.0,0.0,regex_baseline
46021A,English,2,4,0,0.3333,1.0,0.5,0.0,0.6667,regex_baseline
42273C,English,1,0,1,1.0,0.5,0.6667,0.5,0.0,regex_baseline
53146C,English,0,0,0,0.0,0.0,0.0,0.0,0.0,regex_baseline
52476A,English,1,3,0,0.25,1.0,0.4,0.0,0.75,regex_baseline
48254B,English,0,5,0,0.0,0.0,0.0,0.0,1.0,regex_baseline
43857B,English,0,0,0,0.0,0.0,0.0,0.0,0.0,regex_baseline
48382C,English,0,0,0,0.0,0.0,0.0,0.0,0.0,regex_baseline
48573B,English,0,1,0,0.0,0.0,0.0,0.0,1.0,regex_baseline
41280E,English,0,0,0,0.0,0.0,0.0,0.0,0.0,regex_baseline
48943A,English,0,0,0,0.0,0.0,0.0,0.0,0.0,regex_baseline
41838,English,0,3,0,0.0,0.0,0.0,0.0,1.0,regex_baseline
46210A,English,1,4,0,0.2,1.0,0.3333,0.0,0.8,regex_baseline
49431B,English,0,0,1,0.0,0.0,0.0,1.0,0.0,regex_baseline
48434C,English,0,1,0,0.0,0.0,0.0,0.0,1.0,regex_baseline
48201A,English,0,0,0,0.0,0.0,0.0,0.0,0.0,regex_baseline
47689A,English,0,0,0,0.0,0.0,0.0,0.0,0.0,regex_baseline
44833B,English,1,0,0,1.0,1.0,1.0,0.0,0.0,regex_baseline
53066A,English,0,0,0,0.0,0.0,0.0,0.0,0.0,regex_baseline
44051B,English,0,6,0,0.0,0.0,0.0,0.0,1.0,regex_baseline
43304F,English,0,4,0,0.0,0.0,0.0,0.0,1.0,regex_baseline
49574A,English,0,0,0,0.0,0.0,0.0,0.0,0.0,regex_baseline
50130A,English,0,0,0,0.0,0.0,0.0,0.0,0.0,regex_baseline
44794B,English,0,0,0,0.0,0.0,0.0,0.0,0.0,regex_baseline
43758D,English,2,0,0,1.0,1.0,1.0,0.0,0.0,regex_baseline
44133B,English,0,0,0,0.0,0.0,0.0,0.0,0.0,regex_baseline
45905A,English,1,2,0,0.3333,1.0,0.5,0.0,0.6667,regex_baseline
42416B,English,0,0,0,0.0,0.0,0.0,0.0,0.0,regex_baseline
49293C,English,0,3,3,0.0,0.0,0.0,1.0,1.0,regex_baseline
44615A,English,0,1,1,0.0,0.0,0.0,1.0,1.0,regex_baseline
46757C,English,0,3,0,0.0,0.0,0.0,0.0,1.0,regex_baseline
44833A,English,1,0,0,1.0,1.0,1.0,0.0,0.0,regex_baseline
52990A,English,1,2,0,0.3333,1.0,0.5,0.0,0.6667,regex_baseline
50665B,English,0,0,0,0.0,0.0,0.0,0.0,0.0,regex_baseline
53072A,English,0,3,1,0.0,0.0,0.0,1.0,1.0,regex_baseline
41721C,English,0,4,0,0.0,0.0,0.0,0.0,1.0,regex_baseline
40878A,English,0,0,0,0.0,0.0,0.0,0.0,0.0,regex_baseline
46775B,English,0,6,0,0.0,0.0,0.0,0.0,1.0,regex_baseline
48989,English,6,7,2,0.4615,0.75,0.5714,0.25,0.5385,regex_baseline
48160C,English,0,0,0,0.0,0.0,0.0,0.0,0.0,regex_baseline
42057A,English,0,6,0,0.0,0.0,0.0,0.0,1.0,regex_baseline
41725F,English,0,1,0,0.0,0.0,0.0,0.0,1.0,regex_baseline
47881A,English,0,0,0,0.0,0.0,0.0,0.0,0.0,regex_baseline
43436B,English,0,1,0,0.0,0.0,0.0,0.0,1.0,regex_baseline
47465B,English,4,0,1,1.0,0.8,0.8889,0.2,0.0,regex_baseline
42448D,English,2,0,0,1.0,1.0,1.0,0.0,0.0,regex_baseline
53052A,English,0,0,0,0.0,0.0,0.0,0.0,0.0,regex_baseline
45292A,English,0,0,1,0.0,0.0,0.0,1.0,0.0,regex_baseline
52363B,English,1,1,0,0.5,1.0,0.6667,0.0,0.5,regex_baseline
41639C,English,1,1,1,0.5,0.5,0.5,0.5,0.5,regex_baseline
52339A,English,0,0,0,0.0,0.0,0.0,0.0,0.0,regex_baseline
43822A,English,0,2,1,0.0,0.0,0.0,1.0,1.0,regex_baseline
45541A,English,0,7,1,0.0,0.0,0.0,1.0,1.0,regex_baseline
44423A,English,0,2,1,0.0,0.0,0.0,1.0,1.0,regex_baseline
42776C,English,0,0,1,0.0,0.0,0.0,1.0,0.0,regex_baseline
73473B,Dutch,0,2,0,0.0,0.0,0.0,0.0,1.0,regex_baseline
79241B,Dutch,0,0,0,0.0,0.0,0.0,0.0,0.0,regex_baseline
74951C,Dutch,0,1,0,0.0,0.0,0.0,0.0,1.0,regex_baseline
77345A,Dutch,0,0,1,0.0,0.0,0.0,1.0,0.0,regex_baseline
71360D,Dutch,0,2,0,0.0,0.0,0.0,0.0,1.0,regex_baseline
75926C,Dutch,1,0,0,1.0,1.0,1.0,0.0,0.0,regex_baseline
78814A,Dutch,0,0,1,0.0,0.0,0.0,1.0,0.0,regex_baseline
76584,Dutch,0,9,1,0.0,0.0,0.0,1.0,1.0,regex_baseline
74772B,Dutch,0,2,0,0.0,0.0,0.0,0.0,1.0,regex_baseline
67131B,Dutch,0,2,0,0.0,0.0,0.0,0.0,1.0,regex_baseline
76782B,Dutch,0,2,0,0.0,0.0,0.0,0.0,1.0,regex_baseline
78996C,Dutch,0,2,1,0.0,0.0,0.0,1.0,1.0,regex_baseline
75109A,Dutch,0,3,0,0.0,0.0,0.0,0.0,1.0,regex_baseline
71314B,Dutch,0,6,0,0.0,0.0,0.0,0.0,1.0,regex_baseline
76724C,Dutch,2,0,0,1.0,1.0,1.0,0.0,0.0,regex_baseline
68531C,Dutch,0,9,0,0.0,0.0,0.0,0.0,1.0,regex_baseline
79785B,Dutch,1,0,0,1.0,1.0,1.0,0.0,0.0,regex_baseline
68987B,Dutch,5,0,0,1.0,1.0,1.0,0.0,0.0,regex_baseline
70797E,Dutch,0,0,0,0.0,0.0,0.0,0.0,0.0,regex_baseline
68704A,Dutch,0,0,0,0.0,0.0,0.0,0.0,0.0,regex_baseline
79969C,Dutch,0,0,0,0.0,0.0,0.0,0.0,0.0,regex_baseline
68581C,Dutch,0,0,0,0.0,0.0,0.0,0.0,0.0,regex_baseline
77856C,Dutch,0,0,0,0.0,0.0,0.0,0.0,0.0,regex_baseline
75089C,Dutch,0,0,1,0.0,0.0,0.0,1.0,0.0,regex_baseline
69262A,Dutch,0,2,0,0.0,0.0,0.0,0.0,1.0,regex_baseline
70927A,Dutch,0,2,0,0.0,0.0,0.0,0.0,1.0,regex_baseline
71054B,Dutch,0,0,0,0.0,0.0,0.0,0.0,0.0,regex_baseline
75832C,Dutch,0,0,1,0.0,0.0,0.0,1.0,0.0,regex_baseline
70075C,Dutch,1,0,0,1.0,1.0,1.0,0.0,0.0,regex_baseline
77549A,Dutch,0,1,0,0.0,0.0,0.0,0.0,1.0,regex_baseline
72021B,Dutch,0,14,0,0.0,0.0,0.0,0.0,1.0,regex_baseline
69988F,Dutch,0,0,0,0.0,0.0,0.0,0.0,0.0,regex_baseline
77089,Dutch,0,4,2,0.0,0.0,0.0,1.0,1.0,regex_baseline
76313B,Dutch,0,2,0,0.0,0.0,0.0,0.0,1.0,regex_baseline
79478A,Dutch,0,4,0,0.0,0.0,0.0,0.0,1.0,regex_baseline
70797A,Dutch,0,0,0,0.0,0.0,0.0,0.0,0.0,regex_baseline
74449B,Dutch,0,1,0,0.0,0.0,0.0,0.0,1.0,regex_baseline
74207C,Dutch,0,1,0,0.0,0.0,0.0,0.0,1.0,regex_baseline
70606B,Dutch,0,1,0,0.0,0.0,0.0,0.0,1.0,regex_baseline
80220B,Dutch,1,4,0,0.2,1.0,0.3333,0.0,0.8,regex_baseline
80259A,Dutch,0,1,1,0.0,0.0,0.0,1.0,1.0,regex_baseline
79379B,Dutch,1,2,0,0.3333,1.0,0.5,0.0,0.6667,regex_baseline
67779B,Dutch,2,2,0,0.5,1.0,0.6667,0.0,0.5,regex_baseline
68387A,Dutch,1,0,0,1.0,1.0,1.0,0.0,0.0,regex_baseline
76313C,Dutch,0,2,0,0.0,0.0,0.0,0.0,1.0,regex_baseline
73256F,Dutch,0,0,0,0.0,0.0,0.0,0.0,0.0,regex_baseline
79187C,Dutch,0,0,0,0.0,0.0,0.0,0.0,0.0,regex_baseline
70976C,Dutch,2,2,0,0.5,1.0,0.6667,0.0,0.5,regex_baseline
67661C,Dutch,0,2,0,0.0,0.0,0.0,0.0,1.0,regex_baseline
67065D,Dutch,1,1,0,0.5,1.0,0.6667,0.0,0.5,regex_baseline
71885B,Dutch,0,0,1,0.0,0.0,0.0,1.0,0.0,regex_baseline
78238B,Dutch,0,6,0,0.0,0.0,0.0,0.0,1.0,regex_baseline
68926C,Dutch,0,3,1,0.0,0.0,0.0,1.0,1.0,regex_baseline
76351A,Dutch,0,0,0,0.0,0.0,0.0,0.0,0.0,regex_baseline
70753B,Dutch,0,1,0,0.0,0.0,0.0,0.0,1.0,regex_baseline
69365A,Dutch,0,0,0,0.0,0.0,0.0,0.0,0.0,regex_baseline
77841B,Dutch,0,1,1,0.0,0.0,0.0,1.0,1.0,regex_baseline
73528A,Dutch,0,0,1,0.0,0.0,0.0,1.0,0.0,regex_baseline
75062A,Dutch,0,0,1,0.0,0.0,0.0,1.0,0.0,regex_baseline
77361D,Dutch,3,0,0,1.0,1.0,1.0,0.0,0.0,regex_baseline
73327D,Dutch,0,0,0,0.0,0.0,0.0,0.0,0.0,regex_baseline
75204A,Dutch,0,0,0,0.0,0.0,0.0,0.0,0.0,regex_baseline
67160A,Dutch,0,0,0,0.0,0.0,0.0,0.0,0.0,regex_baseline
68637D,Dutch,0,2,0,0.0,0.0,0.0,0.0,1.0,regex_baseline
68162D,Dutch,0,6,0,0.0,0.0,0.0,0.0,1.0,regex_baseline
79852C,Dutch,0,1,0,0.0,0.0,0.0,0.0,1.0,regex_baseline
77148B,Dutch,0,1,0,0.0,0.0,0.0,0.0,1.0,regex_baseline
80204A,Dutch,1,1,0,0.5,1.0,0.6667,0.0,0.5,regex_baseline
69161B,Dutch,0,2,1,0.0,0.0,0.0,1.0,1.0,regex_baseline
74984,Dutch,1,1,0,0.5,1.0,0.6667,0.0,0.5,regex_baseline
67508B,Dutch,0,4,0,0.0,0.0,0.0,0.0,1.0,regex_baseline
79246C,Dutch,0,0,0,0.0,0.0,0.0,0.0,0.0,regex_baseline
72437B,Dutch,2,4,3,0.3333,0.4,0.3636,0.6,0.6667,regex_baseline
75528C,Dutch,0,1,0,0.0,0.0,0.0,0.0,1.0,regex_baseline
75086A,Dutch,1,0,0,1.0,1.0,1.0,0.0,0.0,regex_baseline
69156B,Dutch,1,5,0,0.1667,1.0,0.2857,0.0,0.8333,regex_baseline
73352B,Dutch,0,0,0,0.0,0.0,0.0,0.0,0.0,regex_baseline
68868B,Dutch,0,1,1,0.0,0.0,0.0,1.0,1.0,regex_baseline
67617D,Dutch,0,1,1,0.0,0.0,0.0,1.0,1.0,regex_baseline
71469A,Dutch,0,5,0,0.0,0.0,0.0,0.0,1.0,regex_baseline
72335A,Dutch,1,0,0,1.0,1.0,1.0,0.0,0.0,regex_baseline
80111B,Dutch,0,1,0,0.0,0.0,0.0,0.0,1.0,regex_baseline
78634D,Dutch,0,4,1,0.0,0.0,0.0,1.0,1.0,regex_baseline
79571C,Dutch,0,0,0,0.0,0.0,0.0,0.0,0.0,regex_baseline
67580A,Dutch,0,1,0,0.0,0.0,0.0,0.0,1.0,regex_baseline
80111A,Dutch,0,3,1,0.0,0.0,0.0,1.0,1.0,regex_baseline
72242C,Dutch,0,1,0,0.0,0.0,0.0,0.0,1.0,regex_baseline
70069A,Dutch,0,0,1,0.0,0.0,0.0,1.0,0.0,regex_baseline
77007C,Dutch,0,1,1,0.0,0.0,0.0,1.0,1.0,regex_baseline
70579A,Dutch,0,2,1,0.0,0.0,0.0,1.0,1.0,regex_baseline
76762C,Dutch,0,0,0,0.0,0.0,0.0,0.0,0.0,regex_baseline
68522B,Dutch,0,1,1,0.0,0.0,0.0,1.0,1.0,regex_baseline
72195,Dutch,1,1,1,0.5,0.5,0.5,0.5,0.5,regex_baseline
78410A,Dutch,3,1,0,0.75,1.0,0.8571,0.0,0.25,regex_baseline
75191B,Dutch,0,2,1,0.0,0.0,0.0,1.0,1.0,regex_baseline
79871C,Dutch,0,1,0,0.0,0.0,0.0,0.0,1.0,regex_baseline
79737B,Dutch,2,0,0,1.0,1.0,1.0,0.0,0.0,regex_baseline
73006B,Dutch,0,4,0,0.0,0.0,0.0,0.0,1.0,regex_baseline
76061A,Dutch,0,0,0,0.0,0.0,0.0,0.0,0.0,regex_baseline
77932A,Dutch,0,0,0,0.0,0.0,0.0,0.0,0.0,regex_baseline
69241D,Dutch,0,0,0,0.0,0.0,0.0,0.0,0.0,regex_baseline
70423B,Dutch,0,0,0,0.0,0.0,0.0,0.0,0.0,regex_baseline
79614C,Dutch,0,0,0,0.0,0.0,0.0,0.0,0.0,regex_baseline
69370B,Dutch,0,0,0,0.0,0.0,0.0,0.0,0.0,regex_baseline
78689A,Dutch,0,0,0,0.0,0.0,0.0,0.0,0.0,regex_baseline
78870A,Dutch,0,2,0,0.0,0.0,0.0,0.0,1.0,regex_baseline
69565A,Dutch,0,0,0,0.0,0.0,0.0,0.0,0.0,regex_baseline
79821E,Dutch,0,0,0,0.0,0.0,0.0,0.0,0.0,regex_baseline
73090B,Dutch,2,2,0,0.5,1.0,0.6667,0.0,0.5,regex_baseline
67344B,Dutch,0,2,0,0.0,0.0,0.0,0.0,1.0,regex_baseline
69597C,Dutch,0,2,0,0.0,0.0,0.0,0.0,1.0,regex_baseline
77775A,Dutch,1,1,0,0.5,1.0,0.6667,0.0,0.5,regex_baseline
71862B,Dutch,0,1,0,0.0,0.0,0.0,0.0,1.0,regex_baseline
78440A,Dutch,0,2,0,0.0,0.0,0.0,0.0,1.0,regex_baseline
73079C,Dutch,0,0,0,0.0,0.0,0.0,0.0,0.0,regex_baseline
78720C,Dutch,0,0,0,0.0,0.0,0.0,0.0,0.0,regex_baseline
76822A,Dutch,1,0,0,1.0,1.0,1.0,0.0,0.0,regex_baseline
79609D,Dutch,0,1,0,0.0,0.0,0.0,0.0,1.0,regex_baseline
77754B,Dutch,0,0,0,0.0,0.0,0.0,0.0,0.0,regex_baseline
70568C,Dutch,0,0,0,0.0,0.0,0.0,0.0,0.0,regex_baseline
70830A,Dutch,0,3,0,0.0,0.0,0.0,0.0,1.0,regex_baseline
69320B,Dutch,0,4,0,0.0,0.0,0.0,0.0,1.0,regex_baseline
78500,Dutch,0,8,3,0.0,0.0,0.0,1.0,1.0,regex_baseline
77314C,Dutch,1,0,0,1.0,1.0,1.0,0.0,0.0,regex_baseline
68600A,Dutch,1,2,0,0.3333,1.0,0.5,0.0,0.6667,regex_baseline
72670A,Dutch,0,2,0,0.0,0.0,0.0,0.0,1.0,regex_baseline
79713A,Dutch,0,1,1,0.0,0.0,0.0,1.0,1.0,regex_baseline
67553E,Dutch,1,0,0,1.0,1.0,1.0,0.0,0.0,regex_baseline
79551C,Dutch,0,0,0,0.0,0.0,0.0,0.0,0.0,regex_baseline
73940C,Dutch,0,0,0,0.0,0.0,0.0,0.0,0.0,regex_baseline
70253C,Dutch,0,1,0,0.0,0.0,0.0,0.0,1.0,regex_baseline
69912C,Dutch,1,0,0,1.0,1.0,1.0,0.0,0.0,regex_baseline
78993B,Dutch,0,3,0,0.0,0.0,0.0,0.0,1.0,regex_baseline
73808C,Dutch,1,4,1,0.2,0.5,0.2857,0.5,0.8,regex_baseline
72111A,Dutch,0,4,0,0.0,0.0,0.0,0.0,1.0,regex_baseline
71405B,Dutch,0,2,0,0.0,0.0,0.0,0.0,1.0,regex_baseline
79038C,Dutch,0,0,0,0.0,0.0,0.0,0.0,0.0,regex_baseline
78621A,Dutch,0,0,0,0.0,0.0,0.0,0.0,0.0,regex_baseline
79708A,Dutch,0,0,0,0.0,0.0,0.0,0.0,0.0,regex_baseline
70299A,Dutch,0,3,0,0.0,0.0,0.0,0.0,1.0,regex_baseline
70254B,Dutch,0,0,0,0.0,0.0,0.0,0.0,0.0,regex_baseline
67325A,Dutch,0,0,1,0.0,0.0,0.0,1.0,0.0,regex_baseline
76652A,Dutch,0,2,0,0.0,0.0,0.0,0.0,1.0,regex_baseline
69829C,Dutch,0,0,0,0.0,0.0,0.0,0.0,0.0,regex_baseline
72870B,Dutch,0,0,0,0.0,0.0,0.0,0.0,0.0,regex_baseline
71762C,Dutch,0,4,0,0.0,0.0,0.0,0.0,1.0,regex_baseline
71008A,Dutch,0,1,0,0.0,0.0,0.0,0.0,1.0,regex_baseline
79614A,Dutch,1,0,0,1.0,1.0,1.0,0.0,0.0,regex_baseline
68087C,Dutch,0,1,0,0.0,0.0,0.0,0.0,1.0,regex_baseline
78278B,Dutch,0,0,0,0.0,0.0,0.0,0.0,0.0,regex_baseline
71010A,Dutch,2,0,0,1.0,1.0,1.0,0.0,0.0,regex_baseline
72135A,Dutch,0,4,0,0.0,0.0,0.0,0.0,1.0,regex_baseline
76421B,Dutch,0,0,1,0.0,0.0,0.0,1.0,0.0,regex_baseline
74502C,Dutch,0,2,0,0.0,0.0,0.0,0.0,1.0,regex_baseline
72894A,Dutch,0,2,1,0.0,0.0,0.0,1.0,1.0,regex_baseline
76988C,Dutch,0,0,0,0.0,0.0,0.0,0.0,0.0,regex_baseline
79358F,Dutch,0,0,1,0.0,0.0,0.0,1.0,0.0,regex_baseline
74870C,Dutch,0,2,0,0.0,0.0,0.0,0.0,1.0,regex_baseline
71837C,Dutch,0,1,0,0.0,0.0,0.0,0.0,1.0,regex_baseline
67385A,Dutch,1,1,0,0.5,1.0,0.6667,0.0,0.5,regex_baseline
68702C,Dutch,1,0,0,1.0,1.0,1.0,0.0,0.0,regex_baseline
79761C,Dutch,0,0,1,0.0,0.0,0.0,1.0,0.0,regex_baseline
70746B,Dutch,0,2,0,0.0,0.0,0.0,0.0,1.0,regex_baseline
69584A,Dutch,0,0,1,0.0,0.0,0.0,1.0,0.0,regex_baseline
75500B,Dutch,0,0,0,0.0,0.0,0.0,0.0,0.0,regex_baseline
70804B,Dutch,1,1,0,0.5,1.0,0.6667,0.0,0.5,regex_baseline
67553A,Dutch,0,3,0,0.0,0.0,0.0,0.0,1.0,regex_baseline
68606A,Dutch,0,1,0,0.0,0.0,0.0,0.0,1.0,regex_baseline
75722G,Dutch,0,1,1,0.0,0.0,0.0,1.0,1.0,regex_baseline
73416A,Dutch,2,2,1,0.5,0.6667,0.5714,0.3333,0.5,regex_baseline
72056A,Dutch,0,2,0,0.0,0.0,0.0,0.0,1.0,regex_baseline
77685B,Dutch,0,6,0,0.0,0.0,0.0,0.0,1.0,regex_baseline
78485A,Dutch,0,0,1,0.0,0.0,0.0,1.0,0.0,regex_baseline
71541D,Dutch,0,0,0,0.0,0.0,0.0,0.0,0.0,regex_baseline
73434B,Dutch,0,0,0,0.0,0.0,0.0,0.0,0.0,regex_baseline
75853,Dutch,0,1,0,0.0,0.0,0.0,0.0,1.0,regex_baseline
74538A,Dutch,1,0,0,1.0,1.0,1.0,0.0,0.0,regex_baseline
68704C,Dutch,0,1,1,0.0,0.0,0.0,1.0,1.0,regex_baseline
72702C,Dutch,1,0,0,1.0,1.0,1.0,0.0,0.0,regex_baseline
80130B,Dutch,1,2,0,0.3333,1.0,0.5,0.0,0.6667,regex_baseline
75436C,Dutch,0,1,1,0.0,0.0,0.0,1.0,1.0,regex_baseline
69773B,Dutch,0,6,0,0.0,0.0,0.0,0.0,1.0,regex_baseline
70668A,Dutch,0,0,1,0.0,0.0,0.0,1.0,0.0,regex_baseline
67662B,Dutch,0,0,0,0.0,0.0,0.0,0.0,0.0,regex_baseline
77399A,Dutch,2,1,0,0.6667,1.0,0.8,0.0,0.3333,regex_baseline
73432B,Dutch,1,0,0,1.0,1.0,1.0,0.0,0.0,regex_baseline
67037B,Dutch,5,0,0,1.0,1.0,1.0,0.0,0.0,regex_baseline
74672E,Dutch,0,0,0,0.0,0.0,0.0,0.0,0.0,regex_baseline
78790B,Dutch,2,0,0,1.0,1.0,1.0,0.0,0.0,regex_baseline
74893B,Dutch,2,0,0,1.0,1.0,1.0,0.0,0.0,regex_baseline
77077A,Dutch,0,3,0,0.0,0.0,0.0,0.0,1.0,regex_baseline
77572B,Dutch,0,0,0,0.0,0.0,0.0,0.0,0.0,regex_baseline
77855B,Dutch,0,0,0,0.0,0.0,0.0,0.0,0.0,regex_baseline
77775E,Dutch,0,0,0,0.0,0.0,0.0,0.0,0.0,regex_baseline
76830B,Dutch,0,1,0,0.0,0.0,0.0,0.0,1.0,regex_baseline
69883D,Dutch,0,4,0,0.0,0.0,0.0,0.0,1.0,regex_baseline
72328A,Dutch,1,1,1,0.5,0.5,0.5,0.5,0.5,regex_baseline
73368A,Dutch,0,0,0,0.0,0.0,0.0,0.0,0.0,regex_baseline
68091A,Dutch,0,1,0,0.0,0.0,0.0,0.0,1.0,regex_baseline
76732C,Dutch,0,0,1,0.0,0.0,0.0,1.0,0.0,regex_baseline
71805C,Dutch,0,0,0,0.0,0.0,0.0,0.0,0.0,regex_baseline
76111A,Dutch,1,3,1,0.25,0.5,0.3333,0.5,0.75,regex_baseline
71548A,Dutch,0,3,0,0.0,0.0,0.0,0.0,1.0,regex_baseline
79420B,Dutch,0,0,0,0.0,0.0,0.0,0.0,0.0,regex_baseline
68817C,Dutch,0,0,0,0.0,0.0,0.0,0.0,0.0,regex_baseline
77576C,Dutch,1,1,0,0.5,1.0,0.6667,0.0,0.5,regex_baseline
80141A,Dutch,0,2,1,0.0,0.0,0.0,1.0,1.0,regex_baseline
71331D,Dutch,0,0,0,0.0,0.0,0.0,0.0,0.0,regex_baseline
74481B,Dutch,1,0,0,1.0,1.0,1.0,0.0,0.0,regex_baseline
71483B,Dutch,1,5,0,0.1667,1.0,0.2857,0.0,0.8333,regex_baseline
73043B,Dutch,2,3,1,0.4,0.6667,0.5,0.3333,0.6,regex_baseline
71735B,Dutch,4,1,0,0.8,1.0,0.8889,0.0,0.2,regex_baseline
72942B,Dutch,3,1,1,0.75,0.75,0.75,0.25,0.25,regex_baseline
77258,Dutch,1,2,0,0.3333,1.0,0.5,0.0,0.6667,regex_baseline
71272B,Dutch,0,0,0,0.0,0.0,0.0,0.0,0.0,regex_baseline
75104F,Dutch,2,0,0,1.0,1.0,1.0,0.0,0.0,regex_baseline
68866B,Dutch,0,0,1,0.0,0.0,0.0,1.0,0.0,regex_baseline
69793D,Dutch,0,0,0,0.0,0.0,0.0,0.0,0.0,regex_baseline
73213B,Dutch,0,0,0,0.0,0.0,0.0,0.0,0.0,regex_baseline
76745A,Dutch,3,0,1,1.0,0.75,0.8571,0.25,0.0,regex_baseline
72639B,Dutch,0,2,0,0.0,0.0,0.0,0.0,1.0,regex_baseline
76943C,Dutch,0,1,0,0.0,0.0,0.0,0.0,1.0,regex_baseline
77915E,Dutch,0,1,0,0.0,0.0,0.0,0.0,1.0,regex_baseline
80189A,Dutch,0,2,0,0.0,0.0,0.0,0.0,1.0,regex_baseline
69538A,Dutch,1,1,0,0.5,1.0,0.6667,0.0,0.5,regex_baseline
75986B,Dutch,0,0,0,0.0,0.0,0.0,0.0,0.0,regex_baseline
75317B,Dutch,1,3,0,0.25,1.0,0.4,0.0,0.75,regex_baseline
71339C,Dutch,0,1,0,0.0,0.0,0.0,0.0,1.0,regex_baseline
72999A,Dutch,0,0,0,0.0,0.0,0.0,0.0,0.0,regex_baseline
75017B,Dutch,0,0,0,0.0,0.0,0.0,0.0,0.0,regex_baseline
79241A,Dutch,1,1,0,0.5,1.0,0.6667,0.0,0.5,regex_baseline
67024A,Dutch,0,0,0,0.0,0.0,0.0,0.0,0.0,regex_baseline
71381C,Dutch,0,1,0,0.0,0.0,0.0,0.0,1.0,regex_baseline
71131B,Dutch,0,0,0,0.0,0.0,0.0,0.0,0.0,regex_baseline
70069B,Dutch,0,0,3,0.0,0.0,0.0,1.0,0.0,regex_baseline
73352C,Dutch,0,0,0,0.0,0.0,0.0,0.0,0.0,regex_baseline
78469B,Dutch,0,1,0,0.0,0.0,0.0,0.0,1.0,regex_baseline
75491B,Dutch,4,3,0,0.5714,1.0,0.7273,0.0,0.4286,regex_baseline
75859A,Dutch,1,0,0,1.0,1.0,1.0,0.0,0.0,regex_baseline
76591C,Dutch,0,0,0,0.0,0.0,0.0,0.0,0.0,regex_baseline
71678C,Dutch,2,2,0,0.5,1.0,0.6667,0.0,0.5,regex_baseline
73868B,Dutch,0,3,0,0.0,0.0,0.0,0.0,1.0,regex_baseline
73529A,Dutch,2,0,0,1.0,1.0,1.0,0.0,0.0,regex_baseline
76919,Dutch,0,5,0,0.0,0.0,0.0,0.0,1.0,regex_baseline
70121B,Dutch,0,3,0,0.0,0.0,0.0,0.0,1.0,regex_baseline
74535A,Dutch,0,0,0,0.0,0.0,0.0,0.0,0.0,regex_baseline
73974C,Dutch,0,0,0,0.0,0.0,0.0,0.0,0.0,regex_baseline
78595A,Dutch,0,0,0,0.0,0.0,0.0,0.0,0.0,regex_baseline
80157A,Dutch,0,0,0,0.0,0.0,0.0,0.0,0.0,regex_baseline
77760C,Dutch,1,0,1,1.0,0.5,0.6667,0.5,0.0,regex_baseline
69477C,Dutch,0,0,0,0.0,0.0,0.0,0.0,0.0,regex_baseline
76639B,Dutch,7,0,0,1.0,1.0,1.0,0.0,0.0,regex_baseline
68293,Dutch,0,0,0,0.0,0.0,0.0,0.0,0.0,regex_baseline
71080D,Dutch,0,1,0,0.0,0.0,0.0,0.0,1.0,regex_baseline
74615A,Dutch,0,0,0,0.0,0.0,0.0,0.0,0.0,regex_baseline
76728B,Dutch,0,3,0,0.0,0.0,0.0,0.0,1.0,regex_baseline
76291B,Dutch,1,4,0,0.2,1.0,0.3333,0.0,0.8,regex_baseline
76049E,Dutch,0,0,0,0.0,0.0,0.0,0.0,0.0,regex_baseline
71911,Dutch,3,1,1,0.75,0.75,0.75,0.25,0.25,regex_baseline
68405C,Dutch,1,0,0,1.0,1.0,1.0,0.0,0.0,regex_baseline
79022A,Dutch,0,0,0,0.0,0.0,0.0,0.0,0.0,regex_baseline
77955E,Dutch,1,0,0,1.0,1.0,1.0,0.0,0.0,regex_baseline
70398C,Dutch,0,1,1,0.0,0.0,0.0,1.0,1.0,regex_baseline
76852A,Dutch,0,2,0,0.0,0.0,0.0,0.0,1.0,regex_baseline
71497B,Dutch,0,0,0,0.0,0.0,0.0,0.0,0.0,regex_baseline
70262G,Dutch,0,0,0,0.0,0.0,0.0,0.0,0.0,regex_baseline
78790C,Dutch,0,0,0,0.0,0.0,0.0,0.0,0.0,regex_baseline
69908,Dutch,6,2,1,0.75,0.8571,0.8,0.1429,0.25,regex_baseline
69149B,Dutch,1,2,0,0.3333,1.0,0.5,0.0,0.6667,regex_baseline
67335A,Dutch,0,3,0,0.0,0.0,0.0,0.0,1.0,regex_baseline
67698D,Dutch,0,0,0,0.0,0.0,0.0,0.0,0.0,regex_baseline
70533A,Dutch,0,3,0,0.0,0.0,0.0,0.0,1.0,regex_baseline
73996B,Dutch,1,1,0,0.5,1.0,0.6667,0.0,0.5,regex_baseline
75923B,Dutch,1,0,0,1.0,1.0,1.0,0.0,0.0,regex_baseline
79440B,Dutch,1,4,0,0.2,1.0,0.3333,0.0,0.8,regex_baseline
78202A,Dutch,1,2,0,0.3333,1.0,0.5,0.0,0.6667,regex_baseline
68127B,Dutch,0,1,0,0.0,0.0,0.0,0.0,1.0,regex_baseline
73733B,Dutch,0,5,0,0.0,0.0,0.0,0.0,1.0,regex_baseline
73118B,Dutch,5,0,0,1.0,1.0,1.0,0.0,0.0,regex_baseline
79893B,Dutch,0,1,0,0.0,0.0,0.0,0.0,1.0,regex_baseline
76225B,Dutch,3,0,0,1.0,1.0,1.0,0.0,0.0,regex_baseline
75416B,Dutch,0,3,1,0.0,0.0,0.0,1.0,1.0,regex_baseline
69849B,Dutch,0,3,0,0.0,0.0,0.0,0.0,1.0,regex_baseline
77556B,Dutch,0,4,0,0.0,0.0,0.0,0.0,1.0,regex_baseline
77241C,Dutch,0,9,0,0.0,0.0,0.0,0.0,1.0,regex_baseline
72684B,Dutch,0,1,0,0.0,0.0,0.0,0.0,1.0,regex_baseline
74271B,Dutch,0,2,0,0.0,0.0,0.0,0.0,1.0,regex_baseline
72883B,Dutch,1,0,0,1.0,1.0,1.0,0.0,0.0,regex_baseline
70506D,Dutch,0,0,0,0.0,0.0,0.0,0.0,0.0,regex_baseline
69149C,Dutch,0,1,0,0.0,0.0,0.0,0.0,1.0,regex_baseline
76611B,Dutch,3,1,1,0.75,0.75,0.75,0.25,0.25,regex_baseline
77095B,Dutch,0,2,0,0.0,0.0,0.0,0.0,1.0,regex_baseline
67094A,Dutch,0,0,0,0.0,0.0,0.0,0.0,0.0,regex_baseline
80005B,Dutch,0,4,0,0.0,0.0,0.0,0.0,1.0,regex_baseline
77955C,Dutch,0,0,0,0.0,0.0,0.0,0.0,0.0,regex_baseline
79571A,Dutch,1,0,0,1.0,1.0,1.0,0.0,0.0,regex_baseline
78229C,Dutch,0,0,0,0.0,0.0,0.0,0.0,0.0,regex_baseline
79880B,Dutch,0,0,0,0.0,0.0,0.0,0.0,0.0,regex_baseline
68578B,Dutch,0,3,0,0.0,0.0,0.0,0.0,1.0,regex_baseline
78374B,Dutch,0,0,0,0.0,0.0,0.0,0.0,0.0,regex_baseline
73296B,Dutch,0,0,0,0.0,0.0,0.0,0.0,0.0,regex_baseline
70194E,Dutch,1,0,0,1.0,1.0,1.0,0.0,0.0,regex_baseline
69556A,Dutch,0,0,1,0.0,0.0,0.0,1.0,0.0,regex_baseline
78750B,Dutch,1,0,0,1.0,1.0,1.0,0.0,0.0,regex_baseline
77238A,Dutch,1,0,0,1.0,1.0,1.0,0.0,0.0,regex_baseline
74649C,Dutch,0,0,0,0.0,0.0,0.0,0.0,0.0,regex_baseline
73864A,Dutch,0,1,0,0.0,0.0,0.0,0.0,1.0,regex_baseline
67770C,Dutch,2,0,0,1.0,1.0,1.0,0.0,0.0,regex_baseline
75154D,Dutch,0,2,1,0.0,0.0,0.0,1.0,1.0,regex_baseline
70577C,Dutch,1,1,0,0.5,1.0,0.6667,0.0,0.5,regex_baseline
79424B,Dutch,0,3,0,0.0,0.0,0.0,0.0,1.0,regex_baseline
68779A,Dutch,1,1,0,0.5,1.0,0.6667,0.0,0.5,regex_baseline
73739A,Dutch,0,0,0,0.0,0.0,0.0,0.0,0.0,regex_baseline
68966C,Dutch,0,4,1,0.0,0.0,0.0,1.0,1.0,regex_baseline
78704B,Dutch,0,0,1,0.0,0.0,0.0,1.0,0.0,regex_baseline
73864B,Dutch,0,3,0,0.0,0.0,0.0,0.0,1.0,regex_baseline
76773B,Dutch,0,6,0,0.0,0.0,0.0,0.0,1.0,regex_baseline
74797C,Dutch,0,2,0,0.0,0.0,0.0,0.0,1.0,regex_baseline
75179D,Dutch,1,1,0,0.5,1.0,0.6667,0.0,0.5,regex_baseline
75719B,Dutch,0,0,0,0.0,0.0,0.0,0.0,0.0,regex_baseline
71617A,Dutch,1,0,0,1.0,1.0,1.0,0.0,0.0,regex_baseline
77995E,Dutch,3,2,0,0.6,1.0,0.75,0.0,0.4,regex_baseline
79989B,Dutch,0,0,0,0.0,0.0,0.0,0.0,0.0,regex_baseline
73534B,Dutch,0,0,0,0.0,0.0,0.0,0.0,0.0,regex_baseline
75937A,Dutch,0,0,0,0.0,0.0,0.0,0.0,0.0,regex_baseline
78969C,Dutch,1,1,0,0.5,1.0,0.6667,0.0,0.5,regex_baseline
77572A,Dutch,0,0,0,0.0,0.0,0.0,0.0,0.0,regex_baseline
79994B,Dutch,0,0,0,0.0,0.0,0.0,0.0,0.0,regex_baseline
74444B,Dutch,1,0,0,1.0,1.0,1.0,0.0,0.0,regex_baseline
73314A,Dutch,1,3,0,0.25,1.0,0.4,0.0,0.75,regex_baseline
79209B,Dutch,0,4,0,0.0,0.0,0.0,0.0,1.0,regex_baseline
80234B,Dutch,0,3,0,0.0,0.0,0.0,0.0,1.0,regex_baseline
73614B,Dutch,0,2,0,0.0,0.0,0.0,0.0,1.0,regex_baseline
80064B,Dutch,0,0,0,0.0,0.0,0.0,0.0,0.0,regex_baseline
69320A,Dutch,0,0,0,0.0,0.0,0.0,0.0,0.0,regex_baseline
77873C,Dutch,0,1,0,0.0,0.0,0.0,0.0,1.0,regex_baseline
79573C,Dutch,0,0,0,0.0,0.0,0.0,0.0,0.0,regex_baseline
73990B,Dutch,0,0,0,0.0,0.0,0.0,0.0,0.0,regex_baseline
73675B,Dutch,1,3,0,0.25,1.0,0.4,0.0,0.75,regex_baseline
70717B,Dutch,0,2,0,0.0,0.0,0.0,0.0,1.0,regex_baseline
77971B,Dutch,0,1,0,0.0,0.0,0.0,0.0,1.0,regex_baseline
70558,Dutch,0,2,1,0.0,0.0,0.0,1.0,1.0,regex_baseline
79326C,Dutch,1,0,1,1.0,0.5,0.6667,0.5,0.0,regex_baseline
76357C,Dutch,0,2,0,0.0,0.0,0.0,0.0,1.0,regex_baseline
70985B,Dutch,1,3,0,0.25,1.0,0.4,0.0,0.75,regex_baseline
78143A,Dutch,0,2,1,0.0,0.0,0.0,1.0,1.0,regex_baseline
78365A,Dutch,0,0,0,0.0,0.0,0.0,0.0,0.0,regex_baseline
74688C,Dutch,0,1,0,0.0,0.0,0.0,0.0,1.0,regex_baseline
74146B,Dutch,0,0,0,0.0,0.0,0.0,0.0,0.0,regex_baseline
76155C,Dutch,0,0,0,0.0,0.0,0.0,0.0,0.0,regex_baseline
70466,Dutch,0,5,0,0.0,0.0,0.0,0.0,1.0,regex_baseline
70964B,Dutch,0,2,0,0.0,0.0,0.0,0.0,1.0,regex_baseline
73502B,Dutch,0,2,0,0.0,0.0,0.0,0.0,1.0,regex_baseline
68192A,Dutch,1,0,0,1.0,1.0,1.0,0.0,0.0,regex_baseline
77468B,Dutch,0,0,0,0.0,0.0,0.0,0.0,0.0,regex_baseline
71114,Dutch,0,2,1,0.0,0.0,0.0,1.0,1.0,regex_baseline
70394A,Dutch,0,0,0,0.0,0.0,0.0,0.0,0.0,regex_baseline
70913A,Dutch,0,1,0,0.0,0.0,0.0,0.0,1.0,regex_baseline
71930A,Dutch,0,0,1,0.0,0.0,0.0,1.0,0.0,regex_baseline
71653A,Dutch,0,1,0,0.0,0.0,0.0,0.0,1.0,regex_baseline
80015B,Dutch,0,0,0,0.0,0.0,0.0,0.0,0.0,regex_baseline
74908D,Dutch,0,1,1,0.0,0.0,0.0,1.0,1.0,regex_baseline
68237B,Dutch,0,0,0,0.0,0.0,0.0,0.0,0.0,regex_baseline
69034B,Dutch,0,0,0,0.0,0.0,0.0,0.0,0.0,regex_baseline
69186C,Dutch,0,1,0,0.0,0.0,0.0,0.0,1.0,regex_baseline
70330C,Dutch,0,1,0,0.0,0.0,0.0,0.0,1.0,regex_baseline
72675B,Dutch,1,0,0,1.0,1.0,1.0,0.0,0.0,regex_baseline
77210A,Dutch,0,0,0,0.0,0.0,0.0,0.0,0.0,regex_baseline
69223A,Dutch,1,2,0,0.3333,1.0,0.5,0.0,0.6667,regex_baseline
77369C,Dutch,0,0,0,0.0,0.0,0.0,0.0,0.0,regex_baseline
70121D,Dutch,0,0,0,0.0,0.0,0.0,0.0,0.0,regex_baseline
67970D,Dutch,1,0,0,1.0,1.0,1.0,0.0,0.0,regex_baseline
73120B,Dutch,0,1,0,0.0,0.0,0.0,0.0,1.0,regex_baseline
73024A,Dutch,0,1,0,0.0,0.0,0.0,0.0,1.0,regex_baseline
71837A,Dutch,0,0,0,0.0,0.0,0.0,0.0,0.0,regex_baseline
74943B,Dutch,0,2,0,0.0,0.0,0.0,0.0,1.0,regex_baseline
73883C,Dutch,0,0,0,0.0,0.0,0.0,0.0,0.0,regex_baseline
73131B,Dutch,0,0,0,0.0,0.0,0.0,0.0,0.0,regex_baseline
67952B,Dutch,2,1,0,0.6667,1.0,0.8,0.0,0.3333,regex_baseline
70027B,Dutch,0,0,0,0.0,0.0,0.0,0.0,0.0,regex_baseline
79229B,Dutch,1,8,0,0.1111,1.0,0.2,0.0,0.8889,regex_baseline
73208B,Dutch,0,3,0,0.0,0.0,0.0,0.0,1.0,regex_baseline
72762A,Dutch,1,1,0,0.5,1.0,0.6667,0.0,0.5,regex_baseline
80214B,Dutch,0,0,0,0.0,0.0,0.0,0.0,0.0,regex_baseline
78229A,Dutch,0,0,0,0.0,0.0,0.0,0.0,0.0,regex_baseline
75546A,Dutch,0,6,0,0.0,0.0,0.0,0.0,1.0,regex_baseline
77234B,Dutch,1,8,0,0.1111,1.0,0.2,0.0,0.8889,regex_baseline
67272B,Dutch,0,5,0,0.0,0.0,0.0,0.0,1.0,regex_baseline
79520B,Dutch,0,0,0,0.0,0.0,0.0,0.0,0.0,regex_baseline
79818B,Dutch,0,3,0,0.0,0.0,0.0,0.0,1.0,regex_baseline
78139A,Dutch,0,0,0,0.0,0.0,0.0,0.0,0.0,regex_baseline
75416C,Dutch,0,1,0,0.0,0.0,0.0,0.0,1.0,regex_baseline
72650B,Dutch,0,0,0,0.0,0.0,0.0,0.0,0.0,regex_baseline
74033C,Dutch,0,3,1,0.0,0.0,0.0,1.0,1.0,regex_baseline
67096A,Dutch,0,2,0,0.0,0.0,0.0,0.0,1.0,regex_baseline
72148A,Dutch,0,0,0,0.0,0.0,0.0,0.0,0.0,regex_baseline
71305B,Dutch,0,1,0,0.0,0.0,0.0,0.0,1.0,regex_baseline
77982G,Dutch,0,3,0,0.0,0.0,0.0,0.0,1.0,regex_baseline
72764B,Dutch,1,2,0,0.3333,1.0,0.5,0.0,0.6667,regex_baseline
79480C,Dutch,0,0,0,0.0,0.0,0.0,0.0,0.0,regex_baseline
79992B,Dutch,0,2,0,0.0,0.0,0.0,0.0,1.0,regex_baseline
79260C,Dutch,1,1,0,0.5,1.0,0.6667,0.0,0.5,regex_baseline
73182B,Dutch,0,0,1,0.0,0.0,0.0,1.0,0.0,regex_baseline
74893A,Dutch,1,0,0,1.0,1.0,1.0,0.0,0.0,regex_baseline
77912C,Dutch,0,14,0,0.0,0.0,0.0,0.0,1.0,regex_baseline
77748B,Dutch,0,1,0,0.0,0.0,0.0,0.0,1.0,regex_baseline
74993C,Dutch,0,0,0,0.0,0.0,0.0,0.0,0.0,regex_baseline
75819B,Dutch,0,2,1,0.0,0.0,0.0,1.0,1.0,regex_baseline
80075B,Dutch,0,7,0,0.0,0.0,0.0,0.0,1.0,regex_baseline
70218B,Dutch,1,1,0,0.5,1.0,0.6667,0.0,0.5,regex_baseline
74204B,Dutch,1,0,0,1.0,1.0,1.0,0.0,0.0,regex_baseline
70203B,Dutch,0,0,0,0.0,0.0,0.0,0.0,0.0,regex_baseline
70936B,Dutch,0,0,0,0.0,0.0,0.0,0.0,0.0,regex_baseline
73428C,Dutch,0,0,0,0.0,0.0,0.0,0.0,0.0,regex_baseline
74161A,Dutch,0,0,0,0.0,0.0,0.0,0.0,0.0,regex_baseline
67421A,Dutch,0,0,0,0.0,0.0,0.0,0.0,0.0,regex_baseline
72751B,Dutch,0,0,0,0.0,0.0,0.0,0.0,0.0,regex_baseline
71931,Dutch,0,2,1,0.0,0.0,0.0,1.0,1.0,regex_baseline
76803B,Dutch,2,2,1,0.5,0.6667,0.5714,0.3333,0.5,regex_baseline
76983B,Dutch,1,0,0,1.0,1.0,1.0,0.0,0.0,regex_baseline
78670C,Dutch,0,0,0,0.0,0.0,0.0,0.0,0.0,regex_baseline
72972B,Dutch,0,0,0,0.0,0.0,0.0,0.0,0.0,regex_baseline
77624C,Dutch,2,2,0,0.5,1.0,0.6667,0.0,0.5,regex_baseline
69394B,Dutch,0,1,0,0.0,0.0,0.0,0.0,1.0,regex_baseline
79331B,Dutch,1,1,0,0.5,1.0,0.6667,0.0,0.5,regex_baseline
73910A,Dutch,2,2,0,0.5,1.0,0.6667,0.0,0.5,regex_baseline
68868C,Dutch,0,0,0,0.0,0.0,0.0,0.0,0.0,regex_baseline
76092A,Dutch,0,2,0,0.0,0.0,0.0,0.0,1.0,regex_baseline
74840A,Dutch,0,1,1,0.0,0.0,0.0,1.0,1.0,regex_baseline
67379B,Dutch,0,0,0,0.0,0.0,0.0,0.0,0.0,regex_baseline
80234C,Dutch,0,7,0,0.0,0.0,0.0,0.0,1.0,regex_baseline
72813A,Dutch,0,0,0,0.0,0.0,0.0,0.0,0.0,regex_baseline
75648A,Dutch,0,0,0,0.0,0.0,0.0,0.0,0.0,regex_baseline
75254A,Dutch,1,0,0,1.0,1.0,1.0,0.0,0.0,regex_baseline
76722C,Dutch,0,0,0,0.0,0.0,0.0,0.0,0.0,regex_baseline
67379D,Dutch,0,0,0,0.0,0.0,0.0,0.0,0.0,regex_baseline
68284B,Dutch,0,1,0,0.0,0.0,0.0,0.0,1.0,regex_baseline
76433B,Dutch,0,2,0,0.0,0.0,0.0,0.0,1.0,regex_baseline
73341B,Dutch,0,2,2,0.0,0.0,0.0,1.0,1.0,regex_baseline
69004C,Dutch,1,4,0,0.2,1.0,0.3333,0.0,0.8,regex_baseline
79648B,Dutch,0,3,0,0.0,0.0,0.0,0.0,1.0,regex_baseline
73838A,Dutch,0,0,0,0.0,0.0,0.0,0.0,0.0,regex_baseline
69623B,Dutch,0,9,0,0.0,0.0,0.0,0.0,1.0,regex_baseline
70737A,Dutch,0,0,0,0.0,0.0,0.0,0.0,0.0,regex_baseline
71749C,Dutch,1,0,0,1.0,1.0,1.0,0.0,0.0,regex_baseline
70094,Dutch,0,0,0,0.0,0.0,0.0,0.0,0.0,regex_baseline
73719B,Dutch,1,4,0,0.2,1.0,0.3333,0.0,0.8,regex_baseline
71741A,Dutch,0,3,0,0.0,0.0,0.0,0.0,1.0,regex_baseline
71954B,Dutch,0,3,0,0.0,0.0,0.0,0.0,1.0,regex_baseline
78077B,Dutch,1,6,0,0.1429,1.0,0.25,0.0,0.8571,regex_baseline
79808B,Dutch,1,2,0,0.3333,1.0,0.5,0.0,0.6667,regex_baseline
71002B,Dutch,0,0,0,0.0,0.0,0.0,0.0,0.0,regex_baseline
77973A,Dutch,2,2,0,0.5,1.0,0.6667,0.0,0.5,regex_baseline
79220D,Dutch,0,0,0,0.0,0.0,0.0,0.0,0.0,regex_baseline
73242A,Dutch,0,1,0,0.0,0.0,0.0,0.0,1.0,regex_baseline
70628A,Dutch,0,0,0,0.0,0.0,0.0,0.0,0.0,regex_baseline
79251B,Dutch,0,4,0,0.0,0.0,0.0,0.0,1.0,regex_baseline
68254B,Dutch,0,0,0,0.0,0.0,0.0,0.0,0.0,regex_baseline
73931B,Dutch,0,1,1,0.0,0.0,0.0,1.0,1.0,regex_baseline
67269,Dutch,0,0,1,0.0,0.0,0.0,1.0,0.0,regex_baseline
77929B,Dutch,2,1,0,0.6667,1.0,0.8,0.0,0.3333,regex_baseline
74905A,Dutch,0,0,0,0.0,0.0,0.0,0.0,0.0,regex_baseline
67793A,Dutch,0,0,0,0.0,0.0,0.0,0.0,0.0,regex_baseline
72118A,Dutch,0,1,0,0.0,0.0,0.0,0.0,1.0,regex_baseline
70262C,Dutch,0,0,0,0.0,0.0,0.0,0.0,0.0,regex_baseline
76532A,Dutch,1,1,1,0.5,0.5,0.5,0.5,0.5,regex_baseline
68082C,Dutch,2,0,0,1.0,1.0,1.0,0.0,0.0,regex_baseline
78428B,Dutch,0,1,0,0.0,0.0,0.0,0.0,1.0,regex_baseline
76555A,Dutch,0,0,1,0.0,0.0,0.0,1.0,0.0,regex_baseline
67592A,Dutch,1,0,0,1.0,1.0,1.0,0.0,0.0,regex_baseline
77991D,Dutch,0,0,0,0.0,0.0,0.0,0.0,0.0,regex_baseline
67440A,Dutch,1,0,0,1.0,1.0,1.0,0.0,0.0,regex_baseline
69912B,Dutch,0,1,0,0.0,0.0,0.0,0.0,1.0,regex_baseline
79319A,Dutch,0,1,1,0.0,0.0,0.0,1.0,1.0,regex_baseline
67286D,Dutch,0,1,1,0.0,0.0,0.0,1.0,1.0,regex_baseline
76068B,Dutch,1,1,0,0.5,1.0,0.6667,0.0,0.5,regex_baseline
69216B,Dutch,0,0,0,0.0,0.0,0.0,0.0,0.0,regex_baseline
70451B,Dutch,0,12,1,0.0,0.0,0.0,1.0,1.0,regex_baseline
68853B,Dutch,0,1,0,0.0,0.0,0.0,0.0,1.0,regex_baseline
73980C,Dutch,1,0,0,1.0,1.0,1.0,0.0,0.0,regex_baseline
76808A,Dutch,0,1,1,0.0,0.0,0.0,1.0,1.0,regex_baseline
68687B,Dutch,0,1,1,0.0,0.0,0.0,1.0,1.0,regex_baseline
75248A,Dutch,2,1,0,0.6667,1.0,0.8,0.0,0.3333,regex_baseline
70190B,Dutch,0,0,0,0.0,0.0,0.0,0.0,0.0,regex_baseline
77298B,Dutch,0,0,1,0.0,0.0,0.0,1.0,0.0,regex_baseline
70682A,Dutch,0,4,0,0.0,0.0,0.0,0.0,1.0,regex_baseline
78166A,Dutch,1,2,0,0.3333,1.0,0.5,0.0,0.6667,regex_baseline
72434A,Dutch,1,4,1,0.2,0.5,0.2857,0.5,0.8,regex_baseline
69446A,Dutch,0,1,0,0.0,0.0,0.0,0.0,1.0,regex_baseline
75852A,Dutch,1,0,0,1.0,1.0,1.0,0.0,0.0,regex_baseline
75859F,Dutch,0,0,0,0.0,0.0,0.0,0.0,0.0,regex_baseline
77915D,Dutch,1,0,0,1.0,1.0,1.0,0.0,0.0,regex_baseline
68689A,Dutch,0,0,0,0.0,0.0,0.0,0.0,0.0,regex_baseline
78365B,Dutch,0,2,0,0.0,0.0,0.0,0.0,1.0,regex_baseline
79028A,Dutch,6,0,0,1.0,1.0,1.0,0.0,0.0,regex_baseline
69377D,Dutch,0,0,0,0.0,0.0,0.0,0.0,0.0,regex_baseline
71502D,Dutch,0,1,0,0.0,0.0,0.0,0.0,1.0,regex_baseline
75481B,Dutch,0,6,0,0.0,0.0,0.0,0.0,1.0,regex_baseline
67366A,Dutch,0,0,0,0.0,0.0,0.0,0.0,0.0,regex_baseline
71522B,Dutch,0,3,2,0.0,0.0,0.0,1.0,1.0,regex_baseline
10225B,French,1,5,0,0.1667,1.0,0.2857,0.0,0.8333,regex_baseline
10849A,French,0,2,0,0.0,0.0,0.0,0.0,1.0,regex_baseline
5470B,French,0,3,0,0.0,0.0,0.0,0.0,1.0,regex_baseline
2177C,French,0,0,1,0.0,0.0,0.0,1.0,0.0,regex_baseline
6633C,French,1,0,1,1.0,0.5,0.6667,0.5,0.0,regex_baseline
2911B,French,1,1,1,0.5,0.5,0.5,0.5,0.5,regex_baseline
8159B,French,2,0,0,1.0,1.0,1.0,0.0,0.0,regex_baseline
3390B,French,0,8,0,0.0,0.0,0.0,0.0,1.0,regex_baseline
1255A,French,1,3,0,0.25,1.0,0.4,0.0,0.75,regex_baseline
9440A,French,0,0,0,0.0,0.0,0.0,0.0,0.0,regex_baseline
11723B,French,1,1,0,0.5,1.0,0.6667,0.0,0.5,regex_baseline
10095A,French,0,0,0,0.0,0.0,0.0,0.0,0.0,regex_baseline
1995A,French,0,0,0,0.0,0.0,0.0,0.0,0.0,regex_baseline
13725A,French,0,0,0,0.0,0.0,0.0,0.0,0.0,regex_baseline
9301A,French,0,0,0,0.0,0.0,0.0,0.0,0.0,regex_baseline
353C,French,0,0,1,0.0,0.0,0.0,1.0,0.0,regex_baseline
11496C,French,0,0,0,0.0,0.0,0.0,0.0,0.0,regex_baseline
13340C,French,0,0,0,0.0,0.0,0.0,0.0,0.0,regex_baseline
3008B,French,0,3,1,0.0,0.0,0.0,1.0,1.0,regex_baseline
11891B,French,0,0,0,0.0,0.0,0.0,0.0,0.0,regex_baseline
9867B,French,0,3,1,0.0,0.0,0.0,1.0,1.0,regex_baseline
12602A,French,0,2,0,0.0,0.0,0.0,0.0,1.0,regex_baseline
4200,French,1,1,0,0.5,1.0,0.6667,0.0,0.5,regex_baseline
11948B,French,0,0,0,0.0,0.0,0.0,0.0,0.0,regex_baseline
4823A,French,1,1,0,0.5,1.0,0.6667,0.0,0.5,regex_baseline
7375A,French,0,4,0,0.0,0.0,0.0,0.0,1.0,regex_baseline
13189B,French,0,3,0,0.0,0.0,0.0,0.0,1.0,regex_baseline
12708E,French,0,1,0,0.0,0.0,0.0,0.0,1.0,regex_baseline
11948C,French,1,1,0,0.5,1.0,0.6667,0.0,0.5,regex_baseline
7345C,French,0,2,0,0.0,0.0,0.0,0.0,1.0,regex_baseline
8762B,French,0,0,0,0.0,0.0,0.0,0.0,0.0,regex_baseline
6712D,French,1,0,0,1.0,1.0,1.0,0.0,0.0,regex_baseline
2477D,French,0,1,0,0.0,0.0,0.0,0.0,1.0,regex_baseline
7579A,French,0,0,0,0.0,0.0,0.0,0.0,0.0,regex_baseline
12376A,French,0,0,0,0.0,0.0,0.0,0.0,0.0,regex_baseline
6669B,French,0,0,0,0.0,0.0,0.0,0.0,0.0,regex_baseline
12708B,French,1,0,0,1.0,1.0,1.0,0.0,0.0,regex_baseline
10336A,French,1,1,0,0.5,1.0,0.6667,0.0,0.5,regex_baseline
9166B,French,0,4,0,0.0,0.0,0.0,0.0,1.0,regex_baseline
867B,French,0,0,0,0.0,0.0,0.0,0.0,0.0,regex_baseline
13423B,French,0,1,0,0.0,0.0,0.0,0.0,1.0,regex_baseline
8857C,French,0,0,0,0.0,0.0,0.0,0.0,0.0,regex_baseline
4963A,French,1,1,1,0.5,0.5,0.5,0.5,0.5,regex_baseline
13283C,French,0,0,0,0.0,0.0,0.0,0.0,0.0,regex_baseline
5830A,French,1,2,0,0.3333,1.0,0.5,0.0,0.6667,regex_baseline
9667C,French,0,8,0,0.0,0.0,0.0,0.0,1.0,regex_baseline
7072A,French,0,0,0,0.0,0.0,0.0,0.0,0.0,regex_baseline
9270B,French,0,0,0,0.0,0.0,0.0,0.0,0.0,regex_baseline
7587D,French,0,0,0,0.0,0.0,0.0,0.0,0.0,regex_baseline
7508A,French,1,0,0,1.0,1.0,1.0,0.0,0.0,regex_baseline
285A,French,0,2,0,0.0,0.0,0.0,0.0,1.0,regex_baseline
5254I,French,0,0,0,0.0,0.0,0.0,0.0,0.0,regex_baseline
2458B,French,0,3,1,0.0,0.0,0.0,1.0,1.0,regex_baseline
6592A,French,0,2,1,0.0,0.0,0.0,1.0,1.0,regex_baseline
11115A,French,0,0,0,0.0,0.0,0.0,0.0,0.0,regex_baseline
13302A,French,0,0,1,0.0,0.0,0.0,1.0,0.0,regex_baseline
6569A,French,1,2,0,0.3333,1.0,0.5,0.0,0.6667,regex_baseline
12998B,French,0,4,0,0.0,0.0,0.0,0.0,1.0,regex_baseline
13355B,French,0,2,0,0.0,0.0,0.0,0.0,1.0,regex_baseline
12323B,French,3,4,0,0.4286,1.0,0.6,0.0,0.5714,regex_baseline
484A,French,0,0,0,0.0,0.0,0.0,0.0,0.0,regex_baseline
2666A,French,0,0,0,0.0,0.0,0.0,0.0,0.0,regex_baseline
7955B,French,1,0,1,1.0,0.5,0.6667,0.5,0.0,regex_baseline
6120A,French,0,3,0,0.0,0.0,0.0,0.0,1.0,regex_baseline
11048B,French,0,2,0,0.0,0.0,0.0,0.0,1.0,regex_baseline
6647B,French,0,2,1,0.0,0.0,0.0,1.0,1.0,regex_baseline
8303A,French,1,3,0,0.25,1.0,0.4,0.0,0.75,regex_baseline
10036C,French,0,0,0,0.0,0.0,0.0,0.0,0.0,regex_baseline
12909D,French,0,0,0,0.0,0.0,0.0,0.0,0.0,regex_baseline
9354C,French,0,1,0,0.0,0.0,0.0,0.0,1.0,regex_baseline
11664E,French,0,0,0,0.0,0.0,0.0,0.0,0.0,regex_baseline
8985B,French,0,3,0,0.0,0.0,0.0,0.0,1.0,regex_baseline
9585A,French,0,0,0,0.0,0.0,0.0,0.0,0.0,regex_baseline
12454B,French,1,1,0,0.5,1.0,0.6667,0.0,0.5,regex_baseline
7393A,French,0,3,1,0.0,0.0,0.0,1.0,1.0,regex_baseline
8307E,French,0,1,0,0.0,0.0,0.0,0.0,1.0,regex_baseline
6854C,French,0,0,0,0.0,0.0,0.0,0.0,0.0,regex_baseline
6323B,French,0,2,1,0.0,0.0,0.0,1.0,1.0,regex_baseline
3386B,French,0,1,0,0.0,0.0,0.0,0.0,1.0,regex_baseline
5298A,French,0,3,0,0.0,0.0,0.0,0.0,1.0,regex_baseline
8571A,French,0,3,0,0.0,0.0,0.0,0.0,1.0,regex_baseline
3353C,French,1,1,0,0.5,1.0,0.6667,0.0,0.5,regex_baseline
5051A,French,0,4,0,0.0,0.0,0.0,0.0,1.0,regex_baseline
5268E,French,0,2,1,0.0,0.0,0.0,1.0,1.0,regex_baseline
5961B,French,0,0,0,0.0,0.0,0.0,0.0,0.0,regex_baseline
13212D,French,0,0,0,0.0,0.0,0.0,0.0,0.0,regex_baseline
7512B,French,0,0,0,0.0,0.0,0.0,0.0,0.0,regex_baseline
7660A,French,0,0,1,0.0,0.0,0.0,1.0,0.0,regex_baseline
2873C,French,1,0,0,1.0,1.0,1.0,0.0,0.0,regex_baseline
5329C,French,0,0,1,0.0,0.0,0.0,1.0,0.0,regex_baseline
8016C,French,0,1,0,0.0,0.0,0.0,0.0,1.0,regex_baseline
6249A,French,0,0,1,0.0,0.0,0.0,1.0,0.0,regex_baseline
9827A,French,0,0,0,0.0,0.0,0.0,0.0,0.0,regex_baseline
4909D,French,0,0,0,0.0,0.0,0.0,0.0,0.0,regex_baseline
8177B,French,0,0,0,0.0,0.0,0.0,0.0,0.0,regex_baseline
415,French,1,1,0,0.5,1.0,0.6667,0.0,0.5,regex_baseline
3552C,French,3,4,1,0.4286,0.75,0.5455,0.25,0.5714,regex_baseline
7459C,French,1,0,0,1.0,1.0,1.0,0.0,0.0,regex_baseline
1383A,French,0,0,0,0.0,0.0,0.0,0.0,0.0,regex_baseline
1632A,French,0,2,0,0.0,0.0,0.0,0.0,1.0,regex_baseline
7892C,French,0,1,0,0.0,0.0,0.0,0.0,1.0,regex_baseline
3540B,French,0,2,0,0.0,0.0,0.0,0.0,1.0,regex_baseline
13355C,French,0,0,0,0.0,0.0,0.0,0.0,0.0,regex_baseline
2928B,French,0,3,1,0.0,0.0,0.0,1.0,1.0,regex_baseline
332A,French,0,2,0,0.0,0.0,0.0,0.0,1.0,regex_baseline
7684C,French,0,1,1,0.0,0.0,0.0,1.0,1.0,regex_baseline
12831A,French,0,2,1,0.0,0.0,0.0,1.0,1.0,regex_baseline
13039C,French,0,0,0,0.0,0.0,0.0,0.0,0.0,regex_baseline
12110B,French,1,2,0,0.3333,1.0,0.5,0.0,0.6667,regex_baseline
9287B,French,0,1,0,0.0,0.0,0.0,0.0,1.0,regex_baseline
5038A,French,0,15,0,0.0,0.0,0.0,0.0,1.0,regex_baseline
1524C,French,4,6,0,0.4,1.0,0.5714,0.0,0.6,regex_baseline
6929B,French,0,3,0,0.0,0.0,0.0,0.0,1.0,regex_baseline
13025B,French,0,0,0,0.0,0.0,0.0,0.0,0.0,regex_baseline
3231,French,0,3,1,0.0,0.0,0.0,1.0,1.0,regex_baseline
1905A,French,0,0,0,0.0,0.0,0.0,0.0,0.0,regex_baseline
10960C,French,1,0,0,1.0,1.0,1.0,0.0,0.0,regex_baseline
13371D,French,0,2,0,0.0,0.0,0.0,0.0,1.0,regex_baseline
2121E,French,2,2,0,0.5,1.0,0.6667,0.0,0.5,regex_baseline
1603B,French,0,0,0,0.0,0.0,0.0,0.0,0.0,regex_baseline
4159B,French,0,4,0,0.0,0.0,0.0,0.0,1.0,regex_baseline
4106A,French,0,0,0,0.0,0.0,0.0,0.0,0.0,regex_baseline
8218C,French,0,0,1,0.0,0.0,0.0,1.0,0.0,regex_baseline
2451B,French,0,0,0,0.0,0.0,0.0,0.0,0.0,regex_baseline
6774A,French,0,0,1,0.0,0.0,0.0,1.0,0.0,regex_baseline
3326B,French,1,4,0,0.2,1.0,0.3333,0.0,0.8,regex_baseline
11398A,French,1,1,0,0.5,1.0,0.6667,0.0,0.5,regex_baseline
6211A,French,0,4,1,0.0,0.0,0.0,1.0,1.0,regex_baseline
10376B,French,0,3,0,0.0,0.0,0.0,0.0,1.0,regex_baseline
12364B,French,0,1,0,0.0,0.0,0.0,0.0,1.0,regex_baseline
12172A,French,1,0,0,1.0,1.0,1.0,0.0,0.0,regex_baseline
8059B,French,0,1,0,0.0,0.0,0.0,0.0,1.0,regex_baseline
11735B,French,0,0,0,0.0,0.0,0.0,0.0,0.0,regex_baseline
8274A,French,0,2,1,0.0,0.0,0.0,1.0,1.0,regex_baseline
1751A,French,0,0,0,0.0,0.0,0.0,0.0,0.0,regex_baseline
2854A,French,2,0,0,1.0,1.0,1.0,0.0,0.0,regex_baseline
5704D,French,0,0,0,0.0,0.0,0.0,0.0,0.0,regex_baseline
5806,French,1,2,0,0.3333,1.0,0.5,0.0,0.6667,regex_baseline
7247C,French,1,1,0,0.5,1.0,0.6667,0.0,0.5,regex_baseline
2340A,French,2,0,0,1.0,1.0,1.0,0.0,0.0,regex_baseline
4332B,French,0,4,0,0.0,0.0,0.0,0.0,1.0,regex_baseline
6559A,French,0,4,0,0.0,0.0,0.0,0.0,1.0,regex_baseline
4757A,French,1,0,0,1.0,1.0,1.0,0.0,0.0,regex_baseline
2142C,French,2,2,0,0.5,1.0,0.6667,0.0,0.5,regex_baseline
4308A,French,1,3,0,0.25,1.0,0.4,0.0,0.75,regex_baseline
62E,French,0,1,1,0.0,0.0,0.0,1.0,1.0,regex_baseline
11193D,French,0,0,0,0.0,0.0,0.0,0.0,0.0,regex_baseline
12842C,French,0,0,0,0.0,0.0,0.0,0.0,0.0,regex_baseline
7873B,French,0,0,0,0.0,0.0,0.0,0.0,0.0,regex_baseline
1020,French,2,4,0,0.3333,1.0,0.5,0.0,0.6667,regex_baseline
6349B,French,2,0,0,1.0,1.0,1.0,0.0,0.0,regex_baseline
7787A,French,0,0,0,0.0,0.0,0.0,0.0,0.0,regex_baseline
7644E,French,0,3,0,0.0,0.0,0.0,0.0,1.0,regex_baseline
12456B,French,0,0,0,0.0,0.0,0.0,0.0,0.0,regex_baseline
2067A,French,0,0,1,0.0,0.0,0.0,1.0,0.0,regex_baseline
6382A,French,1,0,0,1.0,1.0,1.0,0.0,0.0,regex_baseline
7247B,French,1,0,0,1.0,1.0,1.0,0.0,0.0,regex_baseline
5464A,French,0,2,0,0.0,0.0,0.0,0.0,1.0,regex_baseline
11662C,French,4,4,0,0.5,1.0,0.6667,0.0,0.5,regex_baseline
3263B,French,1,1,0,0.5,1.0,0.6667,0.0,0.5,regex_baseline
6188B,French,1,3,1,0.25,0.5,0.3333,0.5,0.75,regex_baseline
4097B,French,0,4,0,0.0,0.0,0.0,0.0,1.0,regex_baseline
7284A,French,0,0,0,0.0,0.0,0.0,0.0,0.0,regex_baseline
3923A,French,0,0,1,0.0,0.0,0.0,1.0,0.0,regex_baseline
2070A,French,0,4,0,0.0,0.0,0.0,0.0,1.0,regex_baseline
1729B,French,0,0,0,0.0,0.0,0.0,0.0,0.0,regex_baseline
4547B,French,0,1,0,0.0,0.0,0.0,0.0,1.0,regex_baseline
8330A,French,0,0,0,0.0,0.0,0.0,0.0,0.0,regex_baseline
7791C,French,0,0,0,0.0,0.0,0.0,0.0,0.0,regex_baseline
12049C,French,0,5,0,0.0,0.0,0.0,0.0,1.0,regex_baseline
3471A,French,0,3,0,0.0,0.0,0.0,0.0,1.0,regex_baseline
12806C,French,0,0,0,0.0,0.0,0.0,0.0,0.0,regex_baseline
8238D,French,3,7,1,0.3,0.75,0.4286,0.25,0.7,regex_baseline
11004B,French,0,8,0,0.0,0.0,0.0,0.0,1.0,regex_baseline
7428C,French,0,1,0,0.0,0.0,0.0,0.0,1.0,regex_baseline
13581D,French,0,5,0,0.0,0.0,0.0,0.0,1.0,regex_baseline
13410B,French,0,3,2,0.0,0.0,0.0,1.0,1.0,regex_baseline
12004B,French,0,1,0,0.0,0.0,0.0,0.0,1.0,regex_baseline
2313A,French,0,5,0,0.0,0.0,0.0,0.0,1.0,regex_baseline
1231D,French,0,1,0,0.0,0.0,0.0,0.0,1.0,regex_baseline
11859C,French,0,0,0,0.0,0.0,0.0,0.0,0.0,regex_baseline
6824B,French,1,1,0,0.5,1.0,0.6667,0.0,0.5,regex_baseline
768,French,2,3,0,0.4,1.0,0.5714,0.0,0.6,regex_baseline
2610B,French,1,2,0,0.3333,1.0,0.5,0.0,0.6667,regex_baseline
6283C,French,0,0,0,0.0,0.0,0.0,0.0,0.0,regex_baseline
571E,French,1,8,0,0.1111,1.0,0.2,0.0,0.8889,regex_baseline
7364B,French,0,0,0,0.0,0.0,0.0,0.0,0.0,regex_baseline
1236A,French,0,0,0,0.0,0.0,0.0,0.0,0.0,regex_baseline
4787B,French,0,5,0,0.0,0.0,0.0,0.0,1.0,regex_baseline
12857A,French,0,0,0,0.0,0.0,0.0,0.0,0.0,regex_baseline
12162C,French,0,2,1,0.0,0.0,0.0,1.0,1.0,regex_baseline
7567A,French,1,2,0,0.3333,1.0,0.5,0.0,0.6667,regex_baseline
4946A,French,0,0,0,0.0,0.0,0.0,0.0,0.0,regex_baseline
11954B,French,0,4,0,0.0,0.0,0.0,0.0,1.0,regex_baseline
2597C,French,0,0,0,0.0,0.0,0.0,0.0,0.0,regex_baseline
12848A,French,0,2,0,0.0,0.0,0.0,0.0,1.0,regex_baseline
9459B,French,0,2,0,0.0,0.0,0.0,0.0,1.0,regex_baseline
11193A,French,0,1,0,0.0,0.0,0.0,0.0,1.0,regex_baseline
9050A,French,0,1,0,0.0,0.0,0.0,0.0,1.0,regex_baseline
8721B,French,0,0,0,0.0,0.0,0.0,0.0,0.0,regex_baseline
2980B,French,0,0,0,0.0,0.0,0.0,0.0,0.0,regex_baseline
4419B,French,1,5,0,0.1667,1.0,0.2857,0.0,0.8333,regex_baseline
8957B,French,2,5,0,0.2857,1.0,0.4444,0.0,0.7143,regex_baseline
11270B,French,0,2,0,0.0,0.0,0.0,0.0,1.0,regex_baseline
13448C,French,0,2,0,0.0,0.0,0.0,0.0,1.0,regex_baseline
7790A,French,0,0,0,0.0,0.0,0.0,0.0,0.0,regex_baseline
10957A,French,0,0,0,0.0,0.0,0.0,0.0,0.0,regex_baseline
1135A,French,0,0,0,0.0,0.0,0.0,0.0,0.0,regex_baseline
12473C,French,0,1,0,0.0,0.0,0.0,0.0,1.0,regex_baseline
2527D,French,0,0,0,0.0,0.0,0.0,0.0,0.0,regex_baseline
8528A,French,0,1,0,0.0,0.0,0.0,0.0,1.0,regex_baseline
6929A,French,0,0,0,0.0,0.0,0.0,0.0,0.0,regex_baseline
8806A,French,0,1,0,0.0,0.0,0.0,0.0,1.0,regex_baseline
3283A,French,1,4,1,0.2,0.5,0.2857,0.5,0.8,regex_baseline
11046C,French,4,5,0,0.4444,1.0,0.6154,0.0,0.5556,regex_baseline
27A,French,0,0,0,0.0,0.0,0.0,0.0,0.0,regex_baseline
12666B,French,1,1,0,0.5,1.0,0.6667,0.0,0.5,regex_baseline
11319A,French,0,0,0,0.0,0.0,0.0,0.0,0.0,regex_baseline
1619E,French,0,4,1,0.0,0.0,0.0,1.0,1.0,regex_baseline
5163A,French,0,0,0,0.0,0.0,0.0,0.0,0.0,regex_baseline
9854A,French,0,0,1,0.0,0.0,0.0,1.0,0.0,regex_baseline
13547A,French,0,2,0,0.0,0.0,0.0,0.0,1.0,regex_baseline
12159D,French,0,0,0,0.0,0.0,0.0,0.0,0.0,regex_baseline
1531A,French,1,0,0,1.0,1.0,1.0,0.0,0.0,regex_baseline
5606C,French,0,0,0,0.0,0.0,0.0,0.0,0.0,regex_baseline
7316C,French,1,0,1,1.0,0.5,0.6667,0.5,0.0,regex_baseline
3672B,French,2,0,0,1.0,1.0,1.0,0.0,0.0,regex_baseline
7784E,French,1,1,1,0.5,0.5,0.5,0.5,0.5,regex_baseline
12023C,French,0,1,0,0.0,0.0,0.0,0.0,1.0,regex_baseline
13235A,French,0,0,1,0.0,0.0,0.0,1.0,0.0,regex_baseline
3400A,French,0,0,1,0.0,0.0,0.0,1.0,0.0,regex_baseline
867D,French,0,0,0,0.0,0.0,0.0,0.0,0.0,regex_baseline
6541A,French,0,0,0,0.0,0.0,0.0,0.0,0.0,regex_baseline
4367C,French,2,2,0,0.5,1.0,0.6667,0.0,0.5,regex_baseline
8414B,French,1,1,1,0.5,0.5,0.5,0.5,0.5,regex_baseline
396C,French,0,0,0,0.0,0.0,0.0,0.0,0.0,regex_baseline
11158D,French,1,0,0,1.0,1.0,1.0,0.0,0.0,regex_baseline
2670A,French,0,0,0,0.0,0.0,0.0,0.0,0.0,regex_baseline
6182E,French,0,0,0,0.0,0.0,0.0,0.0,0.0,regex_baseline
3224A,French,1,0,0,1.0,1.0,1.0,0.0,0.0,regex_baseline
12656B,French,0,0,0,0.0,0.0,0.0,0.0,0.0,regex_baseline
3313C,French,0,5,0,0.0,0.0,0.0,0.0,1.0,regex_baseline
4215A,French,0,2,0,0.0,0.0,0.0,0.0,1.0,regex_baseline
13544A,French,0,2,0,0.0,0.0,0.0,0.0,1.0,regex_baseline
7889B,French,0,0,0,0.0,0.0,0.0,0.0,0.0,regex_baseline
13775B,French,0,1,0,0.0,0.0,0.0,0.0,1.0,regex_baseline
7446B,French,0,2,0,0.0,0.0,0.0,0.0,1.0,regex_baseline
11389B,French,0,2,1,0.0,0.0,0.0,1.0,1.0,regex_baseline
13165C,French,0,1,0,0.0,0.0,0.0,0.0,1.0,regex_baseline
12891A,French,0,1,0,0.0,0.0,0.0,0.0,1.0,regex_baseline
6666B,French,0,0,1,0.0,0.0,0.0,1.0,0.0,regex_baseline
12521B,French,0,0,0,0.0,0.0,0.0,0.0,0.0,regex_baseline
3970B,French,0,0,0,0.0,0.0,0.0,0.0,0.0,regex_baseline
10454D,French,0,2,0,0.0,0.0,0.0,0.0,1.0,regex_baseline
5254A,French,0,0,0,0.0,0.0,0.0,0.0,0.0,regex_baseline
13770D,French,1,0,0,1.0,1.0,1.0,0.0,0.0,regex_baseline
3785D,French,0,1,0,0.0,0.0,0.0,0.0,1.0,regex_baseline
2024A,French,0,0,0,0.0,0.0,0.0,0.0,0.0,regex_baseline
11372B,French,0,0,0,0.0,0.0,0.0,0.0,0.0,regex_baseline
9249D,French,0,1,0,0.0,0.0,0.0,0.0,1.0,regex_baseline
13754D,French,0,1,0,0.0,0.0,0.0,0.0,1.0,regex_baseline
7318B,French,0,1,0,0.0,0.0,0.0,0.0,1.0,regex_baseline
62D,French,0,0,0,0.0,0.0,0.0,0.0,0.0,regex_baseline
7655B,French,0,1,0,0.0,0.0,0.0,0.0,1.0,regex_baseline
8084A,French,0,6,0,0.0,0.0,0.0,0.0,1.0,regex_baseline
13333A,French,0,0,0,0.0,0.0,0.0,0.0,0.0,regex_baseline
4084C,French,0,0,0,0.0,0.0,0.0,0.0,0.0,regex_baseline
12268A,French,2,0,0,1.0,1.0,1.0,0.0,0.0,regex_baseline
13219B,French,1,1,0,0.5,1.0,0.6667,0.0,0.5,regex_baseline
9392A,French,1,1,0,0.5,1.0,0.6667,0.0,0.5,regex_baseline
9024B,French,0,6,0,0.0,0.0,0.0,0.0,1.0,regex_baseline
10293C,French,1,0,0,1.0,1.0,1.0,0.0,0.0,regex_baseline
12486B,French,2,1,0,0.6667,1.0,0.8,0.0,0.3333,regex_baseline
8742D,French,0,0,0,0.0,0.0,0.0,0.0,0.0,regex_baseline
5178,French,0,11,1,0.0,0.0,0.0,1.0,1.0,regex_baseline
6524C,French,1,0,0,1.0,1.0,1.0,0.0,0.0,regex_baseline
10434B,French,0,0,0,0.0,0.0,0.0,0.0,0.0,regex_baseline
6382C,French,0,0,0,0.0,0.0,0.0,0.0,0.0,regex_baseline
11260B,French,0,8,0,0.0,0.0,0.0,0.0,1.0,regex_baseline
1341C,French,1,1,0,0.5,1.0,0.6667,0.0,0.5,regex_baseline
8658A,French,0,2,1,0.0,0.0,0.0,1.0,1.0,regex_baseline
12906D,French,0,2,0,0.0,0.0,0.0,0.0,1.0,regex_baseline
10390D,French,0,1,1,0.0,0.0,0.0,1.0,1.0,regex_baseline
10548C,French,0,0,0,0.0,0.0,0.0,0.0,0.0,regex_baseline
4175B,French,2,3,0,0.4,1.0,0.5714,0.0,0.6,regex_baseline
13448A,French,1,2,0,0.3333,1.0,0.5,0.0,0.6667,regex_baseline
1144A,French,0,9,0,0.0,0.0,0.0,0.0,1.0,regex_baseline
13664A,French,0,9,0,0.0,0.0,0.0,0.0,1.0,regex_baseline
9015B,French,0,8,0,0.0,0.0,0.0,0.0,1.0,regex_baseline
2871C,French,1,0,0,1.0,1.0,1.0,0.0,0.0,regex_baseline
12100,French,0,4,0,0.0,0.0,0.0,0.0,1.0,regex_baseline
2860A,French,0,0,0,0.0,0.0,0.0,0.0,0.0,regex_baseline
12529A,French,0,0,0,0.0,0.0,0.0,0.0,0.0,regex_baseline
449B,French,0,3,0,0.0,0.0,0.0,0.0,1.0,regex_baseline
3965A,French,0,0,0,0.0,0.0,0.0,0.0,0.0,regex_baseline
11230B,French,0,1,1,0.0,0.0,0.0,1.0,1.0,regex_baseline
4235A,French,2,2,0,0.5,1.0,0.6667,0.0,0.5,regex_baseline
2138A,French,0,0,0,0.0,0.0,0.0,0.0,0.0,regex_baseline
12834A,French,0,0,0,0.0,0.0,0.0,0.0,0.0,regex_baseline
7271B,French,0,1,0,0.0,0.0,0.0,0.0,1.0,regex_baseline
9217B,French,0,3,0,0.0,0.0,0.0,0.0,1.0,regex_baseline
10872A,French,0,0,0,0.0,0.0,0.0,0.0,0.0,regex_baseline
2310B,French,0,1,0,0.0,0.0,0.0,0.0,1.0,regex_baseline
8938A,French,0,0,0,0.0,0.0,0.0,0.0,0.0,regex_baseline
10371B,French,0,2,0,0.0,0.0,0.0,0.0,1.0,regex_baseline
8595B,French,13,0,0,1.0,1.0,1.0,0.0,0.0,regex_baseline
13290A,French,0,0,0,0.0,0.0,0.0,0.0,0.0,regex_baseline
1120A,French,0,0,0,0.0,0.0,0.0,0.0,0.0,regex_baseline
1987A,French,0,0,0,0.0,0.0,0.0,0.0,0.0,regex_baseline
6413B,French,0,1,1,0.0,0.0,0.0,1.0,1.0,regex_baseline
7774A,French,1,2,0,0.3333,1.0,0.5,0.0,0.6667,regex_baseline
2585A,French,0,0,0,0.0,0.0,0.0,0.0,0.0,regex_baseline
11900C,French,0,0,0,0.0,0.0,0.0,0.0,0.0,regex_baseline
2820A,French,0,0,0,0.0,0.0,0.0,0.0,0.0,regex_baseline
2873B,French,1,2,0,0.3333,1.0,0.5,0.0,0.6667,regex_baseline
12186D,French,0,0,0,0.0,0.0,0.0,0.0,0.0,regex_baseline
4572E,French,0,0,0,0.0,0.0,0.0,0.0,0.0,regex_baseline
8114A,French,0,0,0,0.0,0.0,0.0,0.0,0.0,regex_baseline
870B,French,1,3,0,0.25,1.0,0.4,0.0,0.75,regex_baseline
1391B,French,0,2,0,0.0,0.0,0.0,0.0,1.0,regex_baseline
8838B,French,0,0,0,0.0,0.0,0.0,0.0,0.0,regex_baseline
1658B,French,2,13,2,0.1333,0.5,0.2105,0.5,0.8667,regex_baseline
7931B,French,0,0,0,0.0,0.0,0.0,0.0,0.0,regex_baseline
9776C,French,0,0,0,0.0,0.0,0.0,0.0,0.0,regex_baseline
10213D,French,0,0,0,0.0,0.0,0.0,0.0,0.0,regex_baseline
11830B,French,0,3,0,0.0,0.0,0.0,0.0,1.0,regex_baseline
3997A,French,1,0,0,1.0,1.0,1.0,0.0,0.0,regex_baseline
6675D,French,0,1,1,0.0,0.0,0.0,1.0,1.0,regex_baseline
11278B,French,2,2,0,0.5,1.0,0.6667,0.0,0.5,regex_baseline
4924B,French,0,0,0,0.0,0.0,0.0,0.0,0.0,regex_baseline
4674A,French,0,3,0,0.0,0.0,0.0,0.0,1.0,regex_baseline
4782C,French,1,1,0,0.5,1.0,0.6667,0.0,0.5,regex_baseline
2277B,French,0,2,0,0.0,0.0,0.0,0.0,1.0,regex_baseline
10425C,French,0,3,0,0.0,0.0,0.0,0.0,1.0,regex_baseline
6576A,French,2,2,0,0.5,1.0,0.6667,0.0,0.5,regex_baseline
13522,French,0,1,0,0.0,0.0,0.0,0.0,1.0,regex_baseline
3936C,French,0,0,0,0.0,0.0,0.0,0.0,0.0,regex_baseline
6366B,French,0,1,0,0.0,0.0,0.0,0.0,1.0,regex_baseline
12652B,French,0,1,0,0.0,0.0,0.0,0.0,1.0,regex_baseline
6957E,French,0,0,0,0.0,0.0,0.0,0.0,0.0,regex_baseline
12599A,French,0,0,0,0.0,0.0,0.0,0.0,0.0,regex_baseline
6989B,French,0,3,0,0.0,0.0,0.0,0.0,1.0,regex_baseline
257B,French,0,1,0,0.0,0.0,0.0,0.0,1.0,regex_baseline
12723B,French,1,0,0,1.0,1.0,1.0,0.0,0.0,regex_baseline
7779B,French,1,3,0,0.25,1.0,0.4,0.0,0.75,regex_baseline
4362B,French,0,0,0,0.0,0.0,0.0,0.0,0.0,regex_baseline
2121B,French,2,1,0,0.6667,1.0,0.8,0.0,0.3333,regex_baseline
12156B,French,0,1,0,0.0,0.0,0.0,0.0,1.0,regex_baseline
9399B,French,0,2,0,0.0,0.0,0.0,0.0,1.0,regex_baseline
8108A,French,2,1,0,0.6667,1.0,0.8,0.0,0.3333,regex_baseline
11647A,French,0,1,1,0.0,0.0,0.0,1.0,1.0,regex_baseline
6810B,French,0,2,0,0.0,0.0,0.0,0.0,1.0,regex_baseline
12521C,French,0,0,0,0.0,0.0,0.0,0.0,0.0,regex_baseline
8173B,French,2,3,0,0.4,1.0,0.5714,0.0,0.6,regex_baseline
5484B,French,0,5,0,0.0,0.0,0.0,0.0,1.0,regex_baseline
10501C,French,2,2,1,0.5,0.6667,0.5714,0.3333,0.5,regex_baseline
13179B,French,2,3,1,0.4,0.6667,0.5,0.3333,0.6,regex_baseline
3034B,French,0,4,0,0.0,0.0,0.0,0.0,1.0,regex_baseline
6469C,French,0,1,0,0.0,0.0,0.0,0.0,1.0,regex_baseline
10399B,French,0,3,0,0.0,0.0,0.0,0.0,1.0,regex_baseline
9788B,French,0,2,0,0.0,0.0,0.0,0.0,1.0,regex_baseline
8013A,French,0,1,1,0.0,0.0,0.0,1.0,1.0,regex_baseline
7987B,French,0,0,0,0.0,0.0,0.0,0.0,0.0,regex_baseline
631A,French,0,4,0,0.0,0.0,0.0,0.0,1.0,regex_baseline
10821A,French,1,2,0,0.3333,1.0,0.5,0.0,0.6667,regex_baseline
7462C,French,0,0,0,0.0,0.0,0.0,0.0,0.0,regex_baseline
200,French,0,3,1,0.0,0.0,0.0,1.0,1.0,regex_baseline
1459B,French,5,8,0,0.3846,1.0,0.5556,0.0,0.6154,regex_baseline
13485A,French,0,1,1,0.0,0.0,0.0,1.0,1.0,regex_baseline
7743B,French,1,0,1,1.0,0.5,0.6667,0.5,0.0,regex_baseline
6310A,French,3,7,3,0.3,0.5,0.375,0.5,0.7,regex_baseline
9596A,French,1,1,0,0.5,1.0,0.6667,0.0,0.5,regex_baseline
6046B,French,4,0,0,1.0,1.0,1.0,0.0,0.0,regex_baseline
5247D,French,0,0,0,0.0,0.0,0.0,0.0,0.0,regex_baseline
6829C,French,0,0,0,0.0,0.0,0.0,0.0,0.0,regex_baseline
3791A,French,0,0,0,0.0,0.0,0.0,0.0,0.0,regex_baseline
2774A,French,0,0,0,0.0,0.0,0.0,0.0,0.0,regex_baseline
1214B,French,0,0,1,0.0,0.0,0.0,1.0,0.0,regex_baseline
8363B,French,0,2,0,0.0,0.0,0.0,0.0,1.0,regex_baseline
12130B,French,0,1,0,0.0,0.0,0.0,0.0,1.0,regex_baseline
1041C,French,0,4,2,0.0,0.0,0.0,1.0,1.0,regex_baseline
9940A,French,2,1,0,0.6667,1.0,0.8,0.0,0.3333,regex_baseline
3683A,French,0,0,0,0.0,0.0,0.0,0.0,0.0,regex_baseline
2583A,French,0,0,0,0.0,0.0,0.0,0.0,0.0,regex_baseline
7980C,French,0,0,0,0.0,0.0,0.0,0.0,0.0,regex_baseline
8903B,French,0,1,0,0.0,0.0,0.0,0.0,1.0,regex_baseline
4806B,French,0,4,0,0.0,0.0,0.0,0.0,1.0,regex_baseline
5516A,French,0,0,0,0.0,0.0,0.0,0.0,0.0,regex_baseline
3686I,French,0,1,0,0.0,0.0,0.0,0.0,1.0,regex_baseline
9955B,French,0,1,0,0.0,0.0,0.0,0.0,1.0,regex_baseline
13633B,French,0,0,1,0.0,0.0,0.0,1.0,0.0,regex_baseline
7432A,French,0,1,0,0.0,0.0,0.0,0.0,1.0,regex_baseline
4508B,French,0,8,0,0.0,0.0,0.0,0.0,1.0,regex_baseline
7040A,French,0,0,0,0.0,0.0,0.0,0.0,0.0,regex_baseline
13133,French,1,11,0,0.0833,1.0,0.1538,0.0,0.9167,regex_baseline
9228,French,0,2,0,0.0,0.0,0.0,0.0,1.0,regex_baseline
3270D,French,0,1,0,0.0,0.0,0.0,0.0,1.0,regex_baseline
12804B,French,0,0,0,0.0,0.0,0.0,0.0,0.0,regex_baseline
2156B,French,0,3,1,0.0,0.0,0.0,1.0,1.0,regex_baseline
3891B,French,0,2,0,0.0,0.0,0.0,0.0,1.0,regex_baseline
6207C,French,0,3,0,0.0,0.0,0.0,0.0,1.0,regex_baseline
10869D,French,0,2,0,0.0,0.0,0.0,0.0,1.0,regex_baseline
9949C,French,0,0,0,0.0,0.0,0.0,0.0,0.0,regex_baseline
2583D,French,1,0,0,1.0,1.0,1.0,0.0,0.0,regex_baseline
10778C,French,0,0,0,0.0,0.0,0.0,0.0,0.0,regex_baseline
403C,French,0,0,0,0.0,0.0,0.0,0.0,0.0,regex_baseline
7243D,French,0,1,0,0.0,0.0,0.0,0.0,1.0,regex_baseline
3442A,French,0,0,0,0.0,0.0,0.0,0.0,0.0,regex_baseline
10025B,French,0,1,1,0.0,0.0,0.0,1.0,1.0,regex_baseline
7177A,French,0,0,0,0.0,0.0,0.0,0.0,0.0,regex_baseline
10386F,French,0,0,0,0.0,0.0,0.0,0.0,0.0,regex_baseline
10136A,French,0,0,0,0.0,0.0,0.0,0.0,0.0,regex_baseline
3100A,French,0,0,0,0.0,0.0,0.0,0.0,0.0,regex_baseline
6388A,French,0,0,0,0.0,0.0,0.0,0.0,0.0,regex_baseline
12874B,French,0,0,0,0.0,0.0,0.0,0.0,0.0,regex_baseline
751C,French,0,2,0,0.0,0.0,0.0,0.0,1.0,regex_baseline
8926B,French,0,3,0,0.0,0.0,0.0,0.0,1.0,regex_baseline
6100A,French,1,0,0,1.0,1.0,1.0,0.0,0.0,regex_baseline
1825C,French,1,3,0,0.25,1.0,0.4,0.0,0.75,regex_baseline
12696B,French,0,0,0,0.0,0.0,0.0,0.0,0.0,regex_baseline
8177A,French,0,0,0,0.0,0.0,0.0,0.0,0.0,regex_baseline
11189B,French,2,1,0,0.6667,1.0,0.8,0.0,0.3333,regex_baseline
3302A,French,0,0,0,0.0,0.0,0.0,0.0,0.0,regex_baseline
3865B,French,0,12,0,0.0,0.0,0.0,0.0,1.0,regex_baseline
1381A,French,0,1,0,0.0,0.0,0.0,0.0,1.0,regex_baseline
1150B,French,0,0,1,0.0,0.0,0.0,1.0,0.0,regex_baseline
8245C,French,0,0,0,0.0,0.0,0.0,0.0,0.0,regex_baseline
13388B,French,0,0,1,0.0,0.0,0.0,1.0,0.0,regex_baseline
3290,French,1,5,0,0.1667,1.0,0.2857,0.0,0.8333,regex_baseline
2774B,French,0,0,1,0.0,0.0,0.0,1.0,0.0,regex_baseline
3765A,French,5,0,0,1.0,1.0,1.0,0.0,0.0,regex_baseline
10618B,French,0,0,0,0.0,0.0,0.0,0.0,0.0,regex_baseline
12451B,French,0,0,1,0.0,0.0,0.0,1.0,0.0,regex_baseline
10105B,French,0,1,1,0.0,0.0,0.0,1.0,1.0,regex_baseline
11473A,French,0,1,1,0.0,0.0,0.0,1.0,1.0,regex_baseline
4240,French,0,2,1,0.0,0.0,0.0,1.0,1.0,regex_baseline
11372A,French,0,0,0,0.0,0.0,0.0,0.0,0.0,regex_baseline
2850A,French,1,0,0,1.0,1.0,1.0,0.0,0.0,regex_baseline
13318A,French,0,0,1,0.0,0.0,0.0,1.0,0.0,regex_baseline
11163B,French,0,1,1,0.0,0.0,0.0,1.0,1.0,regex_baseline
7590B,French,0,0,0,0.0,0.0,0.0,0.0,0.0,regex_baseline
1025B,French,0,2,1,0.0,0.0,0.0,1.0,1.0,regex_baseline
10088B,French,0,0,0,0.0,0.0,0.0,0.0,0.0,regex_baseline
5986B,French,0,2,0,0.0,0.0,0.0,0.0,1.0,regex_baseline
12184B,French,2,3,0,0.4,1.0,0.5714,0.0,0.6,regex_baseline
12209B,French,1,0,0,1.0,1.0,1.0,0.0,0.0,regex_baseline
6454A,French,1,1,0,0.5,1.0,0.6667,0.0,0.5,regex_baseline
9879B,French,0,1,0,0.0,0.0,0.0,0.0,1.0,regex_baseline
2854C,French,0,3,0,0.0,0.0,0.0,0.0,1.0,regex_baseline
9988B,French,2,0,0,1.0,1.0,1.0,0.0,0.0,regex_baseline
9782A,French,3,1,1,0.75,0.75,0.75,0.25,0.25,regex_baseline
1755B,French,0,3,0,0.0,0.0,0.0,0.0,1.0,regex_baseline
10898A,French,4,0,0,1.0,1.0,1.0,0.0,0.0,regex_baseline
7498B,French,1,2,0,0.3333,1.0,0.5,0.0,0.6667,regex_baseline
5239C,French,1,0,0,1.0,1.0,1.0,0.0,0.0,regex_baseline
3409C,French,0,4,2,0.0,0.0,0.0,1.0,1.0,regex_baseline
12473B,French,0,4,0,0.0,0.0,0.0,0.0,1.0,regex_baseline
2638A,French,0,4,0,0.0,0.0,0.0,0.0,1.0,regex_baseline
607C,French,0,1,0,0.0,0.0,0.0,0.0,1.0,regex_baseline
1508B,French,0,2,0,0.0,0.0,0.0,0.0,1.0,regex_baseline
9053B,French,1,0,0,1.0,1.0,1.0,0.0,0.0,regex_baseline
6661B,French,1,3,0,0.25,1.0,0.4,0.0,0.75,regex_baseline
3528C,French,2,6,0,0.25,1.0,0.4,0.0,0.75,regex_baseline
5644C,French,1,0,0,1.0,1.0,1.0,0.0,0.0,regex_baseline
1987D,French,0,3,0,0.0,0.0,0.0,0.0,1.0,regex_baseline
5697A,French,1,2,0,0.3333,1.0,0.5,0.0,0.6667,regex_baseline
5950A,French,0,0,0,0.0,0.0,0.0,0.0,0.0,regex_baseline
6372B,French,8,1,1,0.8889,0.8889,0.8889,0.1111,0.1111,regex_baseline
4052C,French,0,0,0,0.0,0.0,0.0,0.0,0.0,regex_baseline
65C,French,2,0,0,1.0,1.0,1.0,0.0,0.0,regex_baseline
7534,French,0,1,0,0.0,0.0,0.0,0.0,1.0,regex_baseline
3974A,French,0,0,0,0.0,0.0,0.0,0.0,0.0,regex_baseline
3648J,French,0,0,0,0.0,0.0,0.0,0.0,0.0,regex_baseline
4770A,French,0,0,0,0.0,0.0,0.0,0.0,0.0,regex_baseline
3127D,French,0,0,0,0.0,0.0,0.0,0.0,0.0,regex_baseline
760D,French,0,0,1,0.0,0.0,0.0,1.0,0.0,regex_baseline
3686C,French,0,0,0,0.0,0.0,0.0,0.0,0.0,regex_baseline
438A,French,0,0,0,0.0,0.0,0.0,0.0,0.0,regex_baseline
9775B,French,0,0,0,0.0,0.0,0.0,0.0,0.0,regex_baseline
6499C,French,0,1,0,0.0,0.0,0.0,0.0,1.0,regex_baseline
8815B,French,0,1,1,0.0,0.0,0.0,1.0,1.0,regex_baseline
449I,French,0,2,0,0.0,0.0,0.0,0.0,1.0,regex_baseline
4764D,French,1,0,0,1.0,1.0,1.0,0.0,0.0,regex_baseline
7274C,French,0,1,0,0.0,0.0,0.0,0.0,1.0,regex_baseline
1554C,French,2,1,0,0.6667,1.0,0.8,0.0,0.3333,regex_baseline
3567A,French,1,2,0,0.3333,1.0,0.5,0.0,0.6667,regex_baseline
11550A,French,0,0,0,0.0,0.0,0.0,0.0,0.0,regex_baseline
3225B,French,0,0,0,0.0,0.0,0.0,0.0,0.0,regex_baseline
1836A,French,1,2,0,0.3333,1.0,0.5,0.0,0.6667,regex_baseline
12998D,French,0,0,0,0.0,0.0,0.0,0.0,0.0,regex_baseline
12323D,French,4,5,0,0.4444,1.0,0.6154,0.0,0.5556,regex_baseline
9865A,French,0,1,0,0.0,0.0,0.0,0.0,1.0,regex_baseline
13892B,French,2,2,0,0.5,1.0,0.6667,0.0,0.5,regex_baseline
3110B,French,0,0,0,0.0,0.0,0.0,0.0,0.0,regex_baseline
12406A,French,0,3,0,0.0,0.0,0.0,0.0,1.0,regex_baseline
13697E,French,0,0,0,0.0,0.0,0.0,0.0,0.0,regex_baseline
6112B,French,1,5,0,0.1667,1.0,0.2857,0.0,0.8333,regex_baseline
1337A,French,0,1,1,0.0,0.0,0.0,1.0,1.0,regex_baseline
12559A,French,0,0,0,0.0,0.0,0.0,0.0,0.0,regex_baseline
935A,French,1,0,0,1.0,1.0,1.0,0.0,0.0,regex_baseline
14722C,German,1,2,0,0.3333,1.0,0.5,0.0,0.6667,regex_baseline
20428C,German,0,0,0,0.0,0.0,0.0,0.0,0.0,regex_baseline
25611B,German,0,0,0,0.0,0.0,0.0,0.0,0.0,regex_baseline
19498B,German,2,3,5,0.4,0.2857,0.3333,0.7143,0.6,regex_baseline
19792B,German,0,1,0,0.0,0.0,0.0,0.0,1.0,regex_baseline
23380B,German,0,1,0,0.0,0.0,0.0,0.0,1.0,regex_baseline
15446A,German,1,0,0,1.0,1.0,1.0,0.0,0.0,regex_baseline
20598B,German,3,2,0,0.6,1.0,0.75,0.0,0.4,regex_baseline
23806A,German,0,0,0,0.0,0.0,0.0,0.0,0.0,regex_baseline
26564C,German,1,0,0,1.0,1.0,1.0,0.0,0.0,regex_baseline
19984B,German,0,0,0,0.0,0.0,0.0,0.0,0.0,regex_baseline
14893C,German,0,2,1,0.0,0.0,0.0,1.0,1.0,regex_baseline
26368C,German,0,0,0,0.0,0.0,0.0,0.0,0.0,regex_baseline
15031A,German,0,2,1,0.0,0.0,0.0,1.0,1.0,regex_baseline
18490A,German,1,1,0,0.5,1.0,0.6667,0.0,0.5,regex_baseline
22191C,German,1,0,0,1.0,1.0,1.0,0.0,0.0,regex_baseline
16061C,German,0,1,0,0.0,0.0,0.0,0.0,1.0,regex_baseline
14784A,German,0,3,0,0.0,0.0,0.0,0.0,1.0,regex_baseline
15706A,German,0,5,0,0.0,0.0,0.0,0.0,1.0,regex_baseline
17830A,German,0,6,0,0.0,0.0,0.0,0.0,1.0,regex_baseline
22439B,German,0,0,0,0.0,0.0,0.0,0.0,0.0,regex_baseline
22570C,German,1,1,0,0.5,1.0,0.6667,0.0,0.5,regex_baseline
21918C,German,0,1,0,0.0,0.0,0.0,0.0,1.0,regex_baseline
21403B,German,0,0,0,0.0,0.0,0.0,0.0,0.0,regex_baseline
23804B,German,1,2,0,0.3333,1.0,0.5,0.0,0.6667,regex_baseline
18533A,German,0,2,0,0.0,0.0,0.0,0.0,1.0,regex_baseline
19246A,German,1,0,0,1.0,1.0,1.0,0.0,0.0,regex_baseline
22047B,German,1,0,0,1.0,1.0,1.0,0.0,0.0,regex_baseline
21169B,German,0,0,0,0.0,0.0,0.0,0.0,0.0,regex_baseline
18067C,German,0,0,0,0.0,0.0,0.0,0.0,0.0,regex_baseline
20106B,German,0,1,0,0.0,0.0,0.0,0.0,1.0,regex_baseline
20804A,German,0,0,1,0.0,0.0,0.0,1.0,0.0,regex_baseline
22165A,German,0,0,0,0.0,0.0,0.0,0.0,0.0,regex_baseline
19819C,German,2,0,0,1.0,1.0,1.0,0.0,0.0,regex_baseline
15307A,German,0,2,0,0.0,0.0,0.0,0.0,1.0,regex_baseline
24893A,German,1,2,0,0.3333,1.0,0.5,0.0,0.6667,regex_baseline
23656A,German,1,0,0,1.0,1.0,1.0,0.0,0.0,regex_baseline
15521C,German,0,0,1,0.0,0.0,0.0,1.0,0.0,regex_baseline
25686B,German,0,0,1,0.0,0.0,0.0,1.0,0.0,regex_baseline
22913C,German,0,2,0,0.0,0.0,0.0,0.0,1.0,regex_baseline
22859A,German,0,0,1,0.0,0.0,0.0,1.0,0.0,regex_baseline
26043C,German,0,1,0,0.0,0.0,0.0,0.0,1.0,regex_baseline
24543F,German,0,2,0,0.0,0.0,0.0,0.0,1.0,regex_baseline
21447A,German,0,2,0,0.0,0.0,0.0,0.0,1.0,regex_baseline
23917B,German,0,1,0,0.0,0.0,0.0,0.0,1.0,regex_baseline
25883C,German,0,0,1,0.0,0.0,0.0,1.0,0.0,regex_baseline
17012A,German,0,0,0,0.0,0.0,0.0,0.0,0.0,regex_baseline
19819B,German,1,0,0,1.0,1.0,1.0,0.0,0.0,regex_baseline
20075C,German,0,1,1,0.0,0.0,0.0,1.0,1.0,regex_baseline
26184A,German,1,0,0,1.0,1.0,1.0,0.0,0.0,regex_baseline
17202A,German,0,0,0,0.0,0.0,0.0,0.0,0.0,regex_baseline
19644D,German,0,0,1,0.0,0.0,0.0,1.0,0.0,regex_baseline
18712C,German,0,0,0,0.0,0.0,0.0,0.0,0.0,regex_baseline
25370A,German,0,0,0,0.0,0.0,0.0,0.0,0.0,regex_baseline
20106A,German,0,0,1,0.0,0.0,0.0,1.0,0.0,regex_baseline
19474A,German,0,0,0,0.0,0.0,0.0,0.0,0.0,regex_baseline
19663A,German,0,0,0,0.0,0.0,0.0,0.0,0.0,regex_baseline
24020B,German,0,1,0,0.0,0.0,0.0,0.0,1.0,regex_baseline
15235A,German,0,2,1,0.0,0.0,0.0,1.0,1.0,regex_baseline
18332A,German,0,0,0,0.0,0.0,0.0,0.0,0.0,regex_baseline
19794C,German,0,0,0,0.0,0.0,0.0,0.0,0.0,regex_baseline
23050C,German,1,2,0,0.3333,1.0,0.5,0.0,0.6667,regex_baseline
17547C,German,0,1,0,0.0,0.0,0.0,0.0,1.0,regex_baseline
19177C,German,0,2,0,0.0,0.0,0.0,0.0,1.0,regex_baseline
27186B,German,1,1,0,0.5,1.0,0.6667,0.0,0.5,regex_baseline
16095A,German,0,5,0,0.0,0.0,0.0,0.0,1.0,regex_baseline
23396B,German,0,0,0,0.0,0.0,0.0,0.0,0.0,regex_baseline
26767B,German,0,1,0,0.0,0.0,0.0,0.0,1.0,regex_baseline
20372A,German,0,3,0,0.0,0.0,0.0,0.0,1.0,regex_baseline
14799B,German,0,0,0,0.0,0.0,0.0,0.0,0.0,regex_baseline
15185B,German,0,4,0,0.0,0.0,0.0,0.0,1.0,regex_baseline
25418A,German,0,4,0,0.0,0.0,0.0,0.0,1.0,regex_baseline
15079B,German,1,13,0,0.0714,1.0,0.1333,0.0,0.9286,regex_baseline
15209C,German,1,3,0,0.25,1.0,0.4,0.0,0.75,regex_baseline
19845A,German,1,1,0,0.5,1.0,0.6667,0.0,0.5,regex_baseline
15269C,German,0,1,0,0.0,0.0,0.0,0.0,1.0,regex_baseline
24226A,German,0,3,0,0.0,0.0,0.0,0.0,1.0,regex_baseline
24158B,German,0,3,0,0.0,0.0,0.0,0.0,1.0,regex_baseline
19159B,German,0,0,0,0.0,0.0,0.0,0.0,0.0,regex_baseline
25162B,German,1,2,0,0.3333,1.0,0.5,0.0,0.6667,regex_baseline
15764C,German,0,0,0,0.0,0.0,0.0,0.0,0.0,regex_baseline
21498B,German,0,0,1,0.0,0.0,0.0,1.0,0.0,regex_baseline
14704A,German,0,0,0,0.0,0.0,0.0,0.0,0.0,regex_baseline
21928A,German,0,0,0,0.0,0.0,0.0,0.0,0.0,regex_baseline
27224C,German,0,2,1,0.0,0.0,0.0,1.0,1.0,regex_baseline
21574C,German,0,0,0,0.0,0.0,0.0,0.0,0.0,regex_baseline
21577A,German,1,0,0,1.0,1.0,1.0,0.0,0.0,regex_baseline
18599A,German,0,0,0,0.0,0.0,0.0,0.0,0.0,regex_baseline
23121A,German,0,1,0,0.0,0.0,0.0,0.0,1.0,regex_baseline
15635A,German,3,0,1,1.0,0.75,0.8571,0.25,0.0,regex_baseline
19609A,German,0,0,0,0.0,0.0,0.0,0.0,0.0,regex_baseline
18871A,German,0,0,0,0.0,0.0,0.0,0.0,0.0,regex_baseline
25999C,German,3,0,0,1.0,1.0,1.0,0.0,0.0,regex_baseline
23052B,German,1,2,1,0.3333,0.5,0.4,0.5,0.6667,regex_baseline
27024A,German,2,3,0,0.4,1.0,0.5714,0.0,0.6,regex_baseline
24320A,German,1,3,0,0.25,1.0,0.4,0.0,0.75,regex_baseline
19741E,German,0,2,0,0.0,0.0,0.0,0.0,1.0,regex_baseline
25932C,German,0,2,1,0.0,0.0,0.0,1.0,1.0,regex_baseline
26654C,German,0,5,0,0.0,0.0,0.0,0.0,1.0,regex_baseline
23920A,German,0,2,0,0.0,0.0,0.0,0.0,1.0,regex_baseline
14585A,German,0,0,0,0.0,0.0,0.0,0.0,0.0,regex_baseline
27362C,German,3,0,0,1.0,1.0,1.0,0.0,0.0,regex_baseline
17982D,German,0,0,0,0.0,0.0,0.0,0.0,0.0,regex_baseline
22074B,German,0,2,0,0.0,0.0,0.0,0.0,1.0,regex_baseline
18329B,German,0,3,0,0.0,0.0,0.0,0.0,1.0,regex_baseline
18846A,German,2,0,0,1.0,1.0,1.0,0.0,0.0,regex_baseline
15373B,German,1,2,0,0.3333,1.0,0.5,0.0,0.6667,regex_baseline
21806A,German,0,1,1,0.0,0.0,0.0,1.0,1.0,regex_baseline
20825B,German,0,3,0,0.0,0.0,0.0,0.0,1.0,regex_baseline
16976A,German,0,0,0,0.0,0.0,0.0,0.0,0.0,regex_baseline
16129D,German,1,1,0,0.5,1.0,0.6667,0.0,0.5,regex_baseline
22939A,German,0,2,0,0.0,0.0,0.0,0.0,1.0,regex_baseline
20450B,German,0,2,0,0.0,0.0,0.0,0.0,1.0,regex_baseline
17144B,German,0,4,0,0.0,0.0,0.0,0.0,1.0,regex_baseline
25611A,German,0,2,1,0.0,0.0,0.0,1.0,1.0,regex_baseline
15446C,German,0,2,0,0.0,0.0,0.0,0.0,1.0,regex_baseline
18831D,German,0,0,0,0.0,0.0,0.0,0.0,0.0,regex_baseline
25582B,German,0,0,0,0.0,0.0,0.0,0.0,0.0,regex_baseline
21498A,German,0,0,0,0.0,0.0,0.0,0.0,0.0,regex_baseline
19088C,German,0,0,0,0.0,0.0,0.0,0.0,0.0,regex_baseline
15524A,German,0,4,0,0.0,0.0,0.0,0.0,1.0,regex_baseline
24488C,German,0,0,0,0.0,0.0,0.0,0.0,0.0,regex_baseline
17863D,German,0,0,0,0.0,0.0,0.0,0.0,0.0,regex_baseline
21737B,German,0,1,0,0.0,0.0,0.0,0.0,1.0,regex_baseline
17174A,German,0,11,0,0.0,0.0,0.0,0.0,1.0,regex_baseline
25078B,German,0,0,0,0.0,0.0,0.0,0.0,0.0,regex_baseline
19812D,German,1,0,0,1.0,1.0,1.0,0.0,0.0,regex_baseline
25580D,German,0,0,1,0.0,0.0,0.0,1.0,0.0,regex_baseline
21565F,German,0,0,0,0.0,0.0,0.0,0.0,0.0,regex_baseline
27429B,German,1,1,0,0.5,1.0,0.6667,0.0,0.5,regex_baseline
24526D,German,1,0,0,1.0,1.0,1.0,0.0,0.0,regex_baseline
25237B,German,0,2,0,0.0,0.0,0.0,0.0,1.0,regex_baseline
22390A,German,0,1,0,0.0,0.0,0.0,0.0,1.0,regex_baseline
22274A,German,0,0,0,0.0,0.0,0.0,0.0,0.0,regex_baseline
23193C,German,0,0,0,0.0,0.0,0.0,0.0,0.0,regex_baseline
22710B,German,0,12,0,0.0,0.0,0.0,0.0,1.0,regex_baseline
21503C,German,3,0,0,1.0,1.0,1.0,0.0,0.0,regex_baseline
14248B,German,0,0,0,0.0,0.0,0.0,0.0,0.0,regex_baseline
22203B,German,0,6,0,0.0,0.0,0.0,0.0,1.0,regex_baseline
26845B,German,1,2,0,0.3333,1.0,0.5,0.0,0.6667,regex_baseline
22950B,German,0,0,0,0.0,0.0,0.0,0.0,0.0,regex_baseline
25392B,German,2,1,0,0.6667,1.0,0.8,0.0,0.3333,regex_baseline
23518A,German,0,2,0,0.0,0.0,0.0,0.0,1.0,regex_baseline
17728A,German,0,1,0,0.0,0.0,0.0,0.0,1.0,regex_baseline
14294A,German,0,1,0,0.0,0.0,0.0,0.0,1.0,regex_baseline
16505B,German,0,0,0,0.0,0.0,0.0,0.0,0.0,regex_baseline
17812A,German,0,1,0,0.0,0.0,0.0,0.0,1.0,regex_baseline
23664C,German,0,1,0,0.0,0.0,0.0,0.0,1.0,regex_baseline
24488A,German,0,1,1,0.0,0.0,0.0,1.0,1.0,regex_baseline
18262B,German,1,1,0,0.5,1.0,0.6667,0.0,0.5,regex_baseline
26747C,German,0,0,0,0.0,0.0,0.0,0.0,0.0,regex_baseline
18723B,German,0,1,0,0.0,0.0,0.0,0.0,1.0,regex_baseline
18835F,German,0,3,0,0.0,0.0,0.0,0.0,1.0,regex_baseline
14000B,German,2,5,0,0.2857,1.0,0.4444,0.0,0.7143,regex_baseline
16522B,German,0,0,1,0.0,0.0,0.0,1.0,0.0,regex_baseline
25958A,German,0,1,1,0.0,0.0,0.0,1.0,1.0,regex_baseline
15990B,German,0,5,0,0.0,0.0,0.0,0.0,1.0,regex_baseline
21654B,German,0,0,0,0.0,0.0,0.0,0.0,0.0,regex_baseline
22944D,German,0,0,0,0.0,0.0,0.0,0.0,0.0,regex_baseline
19491C,German,1,0,0,1.0,1.0,1.0,0.0,0.0,regex_baseline
14833C,German,0,2,0,0.0,0.0,0.0,0.0,1.0,regex_baseline
15963C,German,1,0,0,1.0,1.0,1.0,0.0,0.0,regex_baseline
24182A,German,0,0,0,0.0,0.0,0.0,0.0,0.0,regex_baseline
27393B,German,0,2,0,0.0,0.0,0.0,0.0,1.0,regex_baseline
14309D,German,2,0,1,1.0,0.6667,0.8,0.3333,0.0,regex_baseline
15187C,German,0,0,0,0.0,0.0,0.0,0.0,0.0,regex_baseline
24273B,German,0,1,0,0.0,0.0,0.0,0.0,1.0,regex_baseline
21169A,German,2,1,0,0.6667,1.0,0.8,0.0,0.3333,regex_baseline
17012B,German,1,1,0,0.5,1.0,0.6667,0.0,0.5,regex_baseline
19196A,German,1,1,0,0.5,1.0,0.6667,0.0,0.5,regex_baseline
19698C,German,0,0,0,0.0,0.0,0.0,0.0,0.0,regex_baseline
18735C,German,0,0,0,0.0,0.0,0.0,0.0,0.0,regex_baseline
16170A,German,1,1,0,0.5,1.0,0.6667,0.0,0.5,regex_baseline
19127A,German,1,1,0,0.5,1.0,0.6667,0.0,0.5,regex_baseline
18305C,German,0,0,0,0.0,0.0,0.0,0.0,0.0,regex_baseline
23926C,German,0,3,0,0.0,0.0,0.0,0.0,1.0,regex_baseline
18519B,German,3,0,0,1.0,1.0,1.0,0.0,0.0,regex_baseline
24659A,German,0,0,0,0.0,0.0,0.0,0.0,0.0,regex_baseline
27033A,German,0,1,0,0.0,0.0,0.0,0.0,1.0,regex_baseline
21664A,German,0,0,0,0.0,0.0,0.0,0.0,0.0,regex_baseline
22040A,German,1,4,0,0.2,1.0,0.3333,0.0,0.8,regex_baseline
15074D,German,0,0,0,0.0,0.0,0.0,0.0,0.0,regex_baseline
26106A,German,0,0,0,0.0,0.0,0.0,0.0,0.0,regex_baseline
14595,German,1,1,0,0.5,1.0,0.6667,0.0,0.5,regex_baseline
16143A,German,1,3,0,0.25,1.0,0.4,0.0,0.75,regex_baseline
24377B,German,0,11,0,0.0,0.0,0.0,0.0,1.0,regex_baseline
22319C,German,0,0,0,0.0,0.0,0.0,0.0,0.0,regex_baseline
14565B,German,0,1,1,0.0,0.0,0.0,1.0,1.0,regex_baseline
23174A,German,0,0,0,0.0,0.0,0.0,0.0,0.0,regex_baseline
15037C,German,0,0,0,0.0,0.0,0.0,0.0,0.0,regex_baseline
17799B,German,1,2,0,0.3333,1.0,0.5,0.0,0.6667,regex_baseline
19971B,German,0,3,0,0.0,0.0,0.0,0.0,1.0,regex_baseline
23026A,German,1,1,0,0.5,1.0,0.6667,0.0,0.5,regex_baseline
19757B,German,0,0,0,0.0,0.0,0.0,0.0,0.0,regex_baseline
20522B,German,0,1,0,0.0,0.0,0.0,0.0,1.0,regex_baseline
22175C,German,1,2,0,0.3333,1.0,0.5,0.0,0.6667,regex_baseline
19966A,German,0,0,0,0.0,0.0,0.0,0.0,0.0,regex_baseline
19647C,German,0,4,0,0.0,0.0,0.0,0.0,1.0,regex_baseline
17809C,German,0,0,0,0.0,0.0,0.0,0.0,0.0,regex_baseline
17017B,German,0,2,0,0.0,0.0,0.0,0.0,1.0,regex_baseline
24385C,German,1,0,0,1.0,1.0,1.0,0.0,0.0,regex_baseline
20900B,German,0,1,0,0.0,0.0,0.0,0.0,1.0,regex_baseline
15514A,German,0,0,1,0.0,0.0,0.0,1.0,0.0,regex_baseline
18770C,German,0,3,1,0.0,0.0,0.0,1.0,1.0,regex_baseline
19813C,German,0,3,0,0.0,0.0,0.0,0.0,1.0,regex_baseline
15482,German,0,1,0,0.0,0.0,0.0,0.0,1.0,regex_baseline
17929D,German,0,0,1,0.0,0.0,0.0,1.0,0.0,regex_baseline
23257C,German,0,0,0,0.0,0.0,0.0,0.0,0.0,regex_baseline
23266A,German,1,0,0,1.0,1.0,1.0,0.0,0.0,regex_baseline
22016B,German,0,0,0,0.0,0.0,0.0,0.0,0.0,regex_baseline
20533C,German,0,0,1,0.0,0.0,0.0,1.0,0.0,regex_baseline
21133C,German,0,0,0,0.0,0.0,0.0,0.0,0.0,regex_baseline
23074A,German,0,1,0,0.0,0.0,0.0,0.0,1.0,regex_baseline
18254A,German,0,1,0,0.0,0.0,0.0,0.0,1.0,regex_baseline
14511A,German,2,0,0,1.0,1.0,1.0,0.0,0.0,regex_baseline
17090B,German,0,2,0,0.0,0.0,0.0,0.0,1.0,regex_baseline
19385F,German,0,0,0,0.0,0.0,0.0,0.0,0.0,regex_baseline
27571B,German,1,1,0,0.5,1.0,0.6667,0.0,0.5,regex_baseline
22062D,German,0,2,0,0.0,0.0,0.0,0.0,1.0,regex_baseline
14622B,German,0,0,0,0.0,0.0,0.0,0.0,0.0,regex_baseline
14023A,German,0,3,1,0.0,0.0,0.0,1.0,1.0,regex_baseline
16856B,German,2,5,0,0.2857,1.0,0.4444,0.0,0.7143,regex_baseline
18172A,German,0,14,0,0.0,0.0,0.0,0.0,1.0,regex_baseline
27097A,German,0,5,0,0.0,0.0,0.0,0.0,1.0,regex_baseline
16959A,German,0,0,0,0.0,0.0,0.0,0.0,0.0,regex_baseline
15898A,German,0,1,1,0.0,0.0,0.0,1.0,1.0,regex_baseline
24508,German,0,0,1,0.0,0.0,0.0,1.0,0.0,regex_baseline
17553D,German,0,1,0,0.0,0.0,0.0,0.0,1.0,regex_baseline
17992B,German,0,0,0,0.0,0.0,0.0,0.0,0.0,regex_baseline
18571,German,0,1,1,0.0,0.0,0.0,1.0,1.0,regex_baseline
15598A,German,0,0,0,0.0,0.0,0.0,0.0,0.0,regex_baseline
14023B,German,0,5,1,0.0,0.0,0.0,1.0,1.0,regex_baseline
20684E,German,0,0,0,0.0,0.0,0.0,0.0,0.0,regex_baseline
24285B,German,4,0,0,1.0,1.0,1.0,0.0,0.0,regex_baseline
19825B,German,0,3,0,0.0,0.0,0.0,0.0,1.0,regex_baseline
16449B,German,0,0,0,0.0,0.0,0.0,0.0,0.0,regex_baseline
15750A,German,0,0,0,0.0,0.0,0.0,0.0,0.0,regex_baseline
19237D,German,1,2,0,0.3333,1.0,0.5,0.0,0.6667,regex_baseline
21184B,German,0,0,0,0.0,0.0,0.0,0.0,0.0,regex_baseline
23673C,German,0,0,0,0.0,0.0,0.0,0.0,0.0,regex_baseline
17216C,German,2,3,0,0.4,1.0,0.5714,0.0,0.6,regex_baseline
20725B,German,0,0,0,0.0,0.0,0.0,0.0,0.0,regex_baseline
21528D,German,2,5,1,0.2857,0.6667,0.4,0.3333,0.7143,regex_baseline
25438A,German,0,3,0,0.0,0.0,0.0,0.0,1.0,regex_baseline
23083B,German,1,3,0,0.25,1.0,0.4,0.0,0.75,regex_baseline
25073B,German,2,0,0,1.0,1.0,1.0,0.0,0.0,regex_baseline
18883A,German,0,1,0,0.0,0.0,0.0,0.0,1.0,regex_baseline
14872D,German,0,2,0,0.0,0.0,0.0,0.0,1.0,regex_baseline
19436A,German,1,4,0,0.2,1.0,0.3333,0.0,0.8,regex_baseline
25816A,German,0,3,0,0.0,0.0,0.0,0.0,1.0,regex_baseline
24188C,German,0,1,0,0.0,0.0,0.0,0.0,1.0,regex_baseline
14466B,German,0,5,0,0.0,0.0,0.0,0.0,1.0,regex_baseline
19896B,German,0,2,0,0.0,0.0,0.0,0.0,1.0,regex_baseline
14151A,German,0,0,0,0.0,0.0,0.0,0.0,0.0,regex_baseline
20195C,German,0,0,0,0.0,0.0,0.0,0.0,0.0,regex_baseline
26743B,German,0,0,0,0.0,0.0,0.0,0.0,0.0,regex_baseline
14972B,German,0,4,0,0.0,0.0,0.0,0.0,1.0,regex_baseline
25816D,German,0,1,0,0.0,0.0,0.0,0.0,1.0,regex_baseline
18340A,German,0,3,0,0.0,0.0,0.0,0.0,1.0,regex_baseline
21768B,German,0,0,0,0.0,0.0,0.0,0.0,0.0,regex_baseline
19812E,German,1,1,1,0.5,0.5,0.5,0.5,0.5,regex_baseline
21730A,German,1,2,0,0.3333,1.0,0.5,0.0,0.6667,regex_baseline
19533C,German,2,2,0,0.5,1.0,0.6667,0.0,0.5,regex_baseline
23773C,German,1,1,0,0.5,1.0,0.6667,0.0,0.5,regex_baseline
22680A,German,0,2,0,0.0,0.0,0.0,0.0,1.0,regex_baseline
19683B,German,0,0,0,0.0,0.0,0.0,0.0,0.0,regex_baseline
15527A,German,0,0,0,0.0,0.0,0.0,0.0,0.0,regex_baseline
19546A,German,1,1,0,0.5,1.0,0.6667,0.0,0.5,regex_baseline
14168B,German,0,0,0,0.0,0.0,0.0,0.0,0.0,regex_baseline
27345A,German,0,2,0,0.0,0.0,0.0,0.0,1.0,regex_baseline
18521B,German,0,1,1,0.0,0.0,0.0,1.0,1.0,regex_baseline
16396A,German,0,0,0,0.0,0.0,0.0,0.0,0.0,regex_baseline
24995A,German,0,0,0,0.0,0.0,0.0,0.0,0.0,regex_baseline
27137C,German,0,0,0,0.0,0.0,0.0,0.0,0.0,regex_baseline
22320B,German,0,2,0,0.0,0.0,0.0,0.0,1.0,regex_baseline
20200A,German,0,0,0,0.0,0.0,0.0,0.0,0.0,regex_baseline
25418C,German,0,5,0,0.0,0.0,0.0,0.0,1.0,regex_baseline
23433E,German,0,0,0,0.0,0.0,0.0,0.0,0.0,regex_baseline
26715B,German,1,1,0,0.5,1.0,0.6667,0.0,0.5,regex_baseline
19033C,German,0,1,0,0.0,0.0,0.0,0.0,1.0,regex_baseline
15127C,German,1,3,0,0.25,1.0,0.4,0.0,0.75,regex_baseline
19906C,German,0,0,0,0.0,0.0,0.0,0.0,0.0,regex_baseline
25577A,German,0,1,0,0.0,0.0,0.0,0.0,1.0,regex_baseline
15417A,German,1,2,0,0.3333,1.0,0.5,0.0,0.6667,regex_baseline
17384,German,0,6,0,0.0,0.0,0.0,0.0,1.0,regex_baseline
19892A,German,1,0,0,1.0,1.0,1.0,0.0,0.0,regex_baseline
21974,German,0,3,1,0.0,0.0,0.0,1.0,1.0,regex_baseline
19486B,German,1,0,0,1.0,1.0,1.0,0.0,0.0,regex_baseline
21069C,German,0,2,0,0.0,0.0,0.0,0.0,1.0,regex_baseline
14994A,German,1,1,0,0.5,1.0,0.6667,0.0,0.5,regex_baseline
19406B,German,0,2,0,0.0,0.0,0.0,0.0,1.0,regex_baseline
25968B,German,0,1,0,0.0,0.0,0.0,0.0,1.0,regex_baseline
18287A,German,1,1,0,0.5,1.0,0.6667,0.0,0.5,regex_baseline
24269A,German,0,1,0,0.0,0.0,0.0,0.0,1.0,regex_baseline
18720C,German,0,0,0,0.0,0.0,0.0,0.0,0.0,regex_baseline
17116A,German,0,0,1,0.0,0.0,0.0,1.0,0.0,regex_baseline
18635C,German,0,0,0,0.0,0.0,0.0,0.0,0.0,regex_baseline
24693B,German,3,2,1,0.6,0.75,0.6667,0.25,0.4,regex_baseline
16330B,German,1,2,0,0.3333,1.0,0.5,0.0,0.6667,regex_baseline
14957A,German,1,1,0,0.5,1.0,0.6667,0.0,0.5,regex_baseline
20872A,German,0,0,0,0.0,0.0,0.0,0.0,0.0,regex_baseline
22572A,German,1,1,0,0.5,1.0,0.6667,0.0,0.5,regex_baseline
15514C,German,1,1,0,0.5,1.0,0.6667,0.0,0.5,regex_baseline
20867C,German,2,0,0,1.0,1.0,1.0,0.0,0.0,regex_baseline
16731A,German,1,0,0,1.0,1.0,1.0,0.0,0.0,regex_baseline
26484B,German,0,4,0,0.0,0.0,0.0,0.0,1.0,regex_baseline
24651B,German,0,2,0,0.0,0.0,0.0,0.0,1.0,regex_baseline
18826A,German,1,1,0,0.5,1.0,0.6667,0.0,0.5,regex_baseline
18839A,German,1,0,1,1.0,0.5,0.6667,0.5,0.0,regex_baseline
24000C,German,0,0,0,0.0,0.0,0.0,0.0,0.0,regex_baseline
27235A,German,0,0,0,0.0,0.0,0.0,0.0,0.0,regex_baseline
25240C,German,0,0,0,0.0,0.0,0.0,0.0,0.0,regex_baseline
22769B,German,0,0,2,0.0,0.0,0.0,1.0,0.0,regex_baseline
25192C,German,0,0,0,0.0,0.0,0.0,0.0,0.0,regex_baseline
16052C,German,0,0,0,0.0,0.0,0.0,0.0,0.0,regex_baseline
17285C,German,0,0,0,0.0,0.0,0.0,0.0,0.0,regex_baseline
15354A,German,0,0,0,0.0,0.0,0.0,0.0,0.0,regex_baseline
16039A,German,1,1,0,0.5,1.0,0.6667,0.0,0.5,regex_baseline
17565A,German,0,3,0,0.0,0.0,0.0,0.0,1.0,regex_baseline
16789B,German,0,3,0,0.0,0.0,0.0,0.0,1.0,regex_baseline
16418D,German,0,1,1,0.0,0.0,0.0,1.0,1.0,regex_baseline
22109B,German,0,0,0,0.0,0.0,0.0,0.0,0.0,regex_baseline
16108,German,0,3,1,0.0,0.0,0.0,1.0,1.0,regex_baseline
24456A,German,0,0,2,0.0,0.0,0.0,1.0,0.0,regex_baseline
24434B,German,0,2,0,0.0,0.0,0.0,0.0,1.0,regex_baseline
22925C,German,0,0,0,0.0,0.0,0.0,0.0,0.0,regex_baseline
14947A,German,0,3,0,0.0,0.0,0.0,0.0,1.0,regex_baseline
16462C,German,0,0,0,0.0,0.0,0.0,0.0,0.0,regex_baseline
27171A,German,0,0,1,0.0,0.0,0.0,1.0,0.0,regex_baseline
24617B,German,2,3,0,0.4,1.0,0.5714,0.0,0.6,regex_baseline
22487A,German,0,0,0,0.0,0.0,0.0,0.0,0.0,regex_baseline
20647C,German,0,0,0,0.0,0.0,0.0,0.0,0.0,regex_baseline
20233A,German,0,3,0,0.0,0.0,0.0,0.0,1.0,regex_baseline
21616A,German,0,1,0,0.0,0.0,0.0,0.0,1.0,regex_baseline
24450B,German,0,1,0,0.0,0.0,0.0,0.0,1.0,regex_baseline
21829B,German,0,0,1,0.0,0.0,0.0,1.0,0.0,regex_baseline
20040B,German,0,2,1,0.0,0.0,0.0,1.0,1.0,regex_baseline
23310A,German,0,1,1,0.0,0.0,0.0,1.0,1.0,regex_baseline
26777A,German,0,1,2,0.0,0.0,0.0,1.0,1.0,regex_baseline
26092B,German,4,9,0,0.3077,1.0,0.4706,0.0,0.6923,regex_baseline
21626B,German,0,3,0,0.0,0.0,0.0,0.0,1.0,regex_baseline
22715B,German,0,1,0,0.0,0.0,0.0,0.0,1.0,regex_baseline
22610A,German,1,1,0,0.5,1.0,0.6667,0.0,0.5,regex_baseline
27610B,German,0,2,0,0.0,0.0,0.0,0.0,1.0,regex_baseline
22439D,German,0,0,0,0.0,0.0,0.0,0.0,0.0,regex_baseline
18505B,German,0,0,0,0.0,0.0,0.0,0.0,0.0,regex_baseline
25863B,German,0,1,0,0.0,0.0,0.0,0.0,1.0,regex_baseline
27389B,German,0,1,0,0.0,0.0,0.0,0.0,1.0,regex_baseline
22472D,German,0,2,0,0.0,0.0,0.0,0.0,1.0,regex_baseline
18390A,German,1,1,0,0.5,1.0,0.6667,0.0,0.5,regex_baseline
16082A,German,0,0,0,0.0,0.0,0.0,0.0,0.0,regex_baseline
19937A,German,0,0,0,0.0,0.0,0.0,0.0,0.0,regex_baseline
14810D,German,0,0,0,0.0,0.0,0.0,0.0,0.0,regex_baseline
20306D,German,0,0,0,0.0,0.0,0.0,0.0,0.0,regex_baseline
19966B,German,0,1,0,0.0,0.0,0.0,0.0,1.0,regex_baseline
22550B,German,0,9,0,0.0,0.0,0.0,0.0,1.0,regex_baseline
18195B,German,0,0,0,0.0,0.0,0.0,0.0,0.0,regex_baseline
24932A,German,1,1,0,0.5,1.0,0.6667,0.0,0.5,regex_baseline
17828A,German,1,2,1,0.3333,0.5,0.4,0.5,0.6667,regex_baseline
21988C,German,0,2,0,0.0,0.0,0.0,0.0,1.0,regex_baseline
14644A,German,0,1,0,0.0,0.0,0.0,0.0,1.0,regex_baseline
18846D,German,2,0,0,1.0,1.0,1.0,0.0,0.0,regex_baseline
14903B,German,0,0,0,0.0,0.0,0.0,0.0,0.0,regex_baseline
18287B,German,0,1,0,0.0,0.0,0.0,0.0,1.0,regex_baseline
20205D,German,0,0,0,0.0,0.0,0.0,0.0,0.0,regex_baseline
20089C,German,0,0,0,0.0,0.0,0.0,0.0,0.0,regex_baseline
14408B,German,0,0,0,0.0,0.0,0.0,0.0,0.0,regex_baseline
14645C,German,5,2,0,0.7143,1.0,0.8333,0.0,0.2857,regex_baseline
19100C,German,0,0,0,0.0,0.0,0.0,0.0,0.0,regex_baseline
17980C,German,1,3,0,0.25,1.0,0.4,0.0,0.75,regex_baseline
14963B,German,0,1,0,0.0,0.0,0.0,0.0,1.0,regex_baseline
22762A,German,2,1,0,0.6667,1.0,0.8,0.0,0.3333,regex_baseline
27473F,German,0,0,0,0.0,0.0,0.0,0.0,0.0,regex_baseline
25716C,German,1,0,0,1.0,1.0,1.0,0.0,0.0,regex_baseline
15170A,German,0,2,0,0.0,0.0,0.0,0.0,1.0,regex_baseline
22284C,German,1,0,0,1.0,1.0,1.0,0.0,0.0,regex_baseline
22022F,German,0,0,0,0.0,0.0,0.0,0.0,0.0,regex_baseline
20822B,German,0,5,1,0.0,0.0,0.0,1.0,1.0,regex_baseline
19265D,German,0,0,0,0.0,0.0,0.0,0.0,0.0,regex_baseline
20215B,German,0,0,0,0.0,0.0,0.0,0.0,0.0,regex_baseline
21847B,German,0,1,1,0.0,0.0,0.0,1.0,1.0,regex_baseline
21477A,German,1,1,0,0.5,1.0,0.6667,0.0,0.5,regex_baseline
27195C,German,0,2,2,0.0,0.0,0.0,1.0,1.0,regex_baseline
24869C,German,0,0,0,0.0,0.0,0.0,0.0,0.0,regex_baseline
24158C,German,1,0,0,1.0,1.0,1.0,0.0,0.0,regex_baseline
26318E,German,1,0,0,1.0,1.0,1.0,0.0,0.0,regex_baseline
14448B,German,0,4,0,0.0,0.0,0.0,0.0,1.0,regex_baseline
20054B,German,0,0,0,0.0,0.0,0.0,0.0,0.0,regex_baseline
26539B,German,0,1,0,0.0,0.0,0.0,0.0,1.0,regex_baseline
25124A,German,0,1,0,0.0,0.0,0.0,0.0,1.0,regex_baseline
21710B,German,0,3,0,0.0,0.0,0.0,0.0,1.0,regex_baseline
22871B,German,0,2,0,0.0,0.0,0.0,0.0,1.0,regex_baseline
16641A,German,0,0,1,0.0,0.0,0.0,1.0,0.0,regex_baseline
18482A,German,0,0,0,0.0,0.0,0.0,0.0,0.0,regex_baseline
22157A,German,0,2,0,0.0,0.0,0.0,0.0,1.0,regex_baseline
20384B,German,2,1,0,0.6667,1.0,0.8,0.0,0.3333,regex_baseline
20763C,German,1,0,0,1.0,1.0,1.0,0.0,0.0,regex_baseline
16075C,German,0,1,0,0.0,0.0,0.0,0.0,1.0,regex_baseline
27230B,German,0,0,0,0.0,0.0,0.0,0.0,0.0,regex_baseline
14741B,German,3,0,1,1.0,0.75,0.8571,0.25,0.0,regex_baseline
20061C,German,0,1,0,0.0,0.0,0.0,0.0,1.0,regex_baseline
15373A,German,1,3,0,0.25,1.0,0.4,0.0,0.75,regex_baseline
25150A,German,0,1,0,0.0,0.0,0.0,0.0,1.0,regex_baseline
26368B,German,0,0,0,0.0,0.0,0.0,0.0,0.0,regex_baseline
25486B,German,0,0,0,0.0,0.0,0.0,0.0,0.0,regex_baseline
18759D,German,0,0,0,0.0,0.0,0.0,0.0,0.0,regex_baseline
27551A,German,0,0,0,0.0,0.0,0.0,0.0,0.0,regex_baseline
23838C,German,2,1,0,0.6667,1.0,0.8,0.0,0.3333,regex_baseline
15069B,German,0,1,0,0.0,0.0,0.0,0.0,1.0,regex_baseline
20798B,German,1,1,0,0.5,1.0,0.6667,0.0,0.5,regex_baseline
22787A,German,0,2,0,0.0,0.0,0.0,0.0,1.0,regex_baseline
16402B,German,0,3,0,0.0,0.0,0.0,0.0,1.0,regex_baseline
14421B,German,1,0,0,1.0,1.0,1.0,0.0,0.0,regex_baseline
17440C,German,0,2,1,0.0,0.0,0.0,1.0,1.0,regex_baseline
23743,German,0,5,0,0.0,0.0,0.0,0.0,1.0,regex_baseline
19916A,German,2,0,0,1.0,1.0,1.0,0.0,0.0,regex_baseline
27664A,German,0,2,2,0.0,0.0,0.0,1.0,1.0,regex_baseline
19932A,German,0,0,1,0.0,0.0,0.0,1.0,0.0,regex_baseline
21069D,German,0,2,0,0.0,0.0,0.0,0.0,1.0,regex_baseline
21043B,German,0,0,1,0.0,0.0,0.0,1.0,0.0,regex_baseline
22218A,German,0,0,0,0.0,0.0,0.0,0.0,0.0,regex_baseline
16194C,German,0,1,0,0.0,0.0,0.0,0.0,1.0,regex_baseline
19051A,German,2,5,0,0.2857,1.0,0.4444,0.0,0.7143,regex_baseline
19162A,German,0,0,0,0.0,0.0,0.0,0.0,0.0,regex_baseline
26689B,German,0,0,0,0.0,0.0,0.0,0.0,0.0,regex_baseline
17929A,German,0,0,1,0.0,0.0,0.0,1.0,0.0,regex_baseline
19308B,German,0,2,0,0.0,0.0,0.0,0.0,1.0,regex_baseline
19577C,German,0,0,0,0.0,0.0,0.0,0.0,0.0,regex_baseline
24632B,German,0,0,0,0.0,0.0,0.0,0.0,0.0,regex_baseline
18708B,German,0,0,0,0.0,0.0,0.0,0.0,0.0,regex_baseline
23266D,German,0,0,0,0.0,0.0,0.0,0.0,0.0,regex_baseline
22055A,German,0,1,1,0.0,0.0,0.0,1.0,1.0,regex_baseline
14591B,German,2,5,2,0.2857,0.5,0.3636,0.5,0.7143,regex_baseline
24839A,German,0,2,0,0.0,0.0,0.0,0.0,1.0,regex_baseline
22546A,German,0,4,0,0.0,0.0,0.0,0.0,1.0,regex_baseline
22798B,German,0,1,0,0.0,0.0,0.0,0.0,1.0,regex_baseline
18661B,German,0,0,0,0.0,0.0,0.0,0.0,0.0,regex_baseline
14784B,German,0,3,0,0.0,0.0,0.0,0.0,1.0,regex_baseline
15230C,German,5,1,0,0.8333,1.0,0.9091,0.0,0.1667,regex_baseline
21519C,German,0,8,0,0.0,0.0,0.0,0.0,1.0,regex_baseline
23263B,German,0,0,0,0.0,0.0,0.0,0.0,0.0,regex_baseline
19298A,German,0,1,0,0.0,0.0,0.0,0.0,1.0,regex_baseline
17950B,German,1,1,0,0.5,1.0,0.6667,0.0,0.5,regex_baseline
17499B,German,0,1,0,0.0,0.0,0.0,0.0,1.0,regex_baseline
23976A,German,0,1,0,0.0,0.0,0.0,0.0,1.0,regex_baseline
25665B,German,0,0,2,0.0,0.0,0.0,1.0,0.0,regex_baseline
22933C,German,0,0,0,0.0,0.0,0.0,0.0,0.0,regex_baseline
27329A,German,0,2,0,0.0,0.0,0.0,0.0,1.0,regex_baseline
26486C,German,0,3,0,0.0,0.0,0.0,0.0,1.0,regex_baseline
22125,German,1,0,0,1.0,1.0,1.0,0.0,0.0,regex_baseline
25992C,German,0,0,0,0.0,0.0,0.0,0.0,0.0,regex_baseline
16068J,German,0,0,0,0.0,0.0,0.0,0.0,0.0,regex_baseline
18640B,German,0,0,1,0.0,0.0,0.0,1.0,0.0,regex_baseline
15037B,German,0,0,0,0.0,0.0,0.0,0.0,0.0,regex_baseline
21886A,German,0,0,1,0.0,0.0,0.0,1.0,0.0,regex_baseline
23040B,German,1,0,0,1.0,1.0,1.0,0.0,0.0,regex_baseline
15960B,German,0,1,0,0.0,0.0,0.0,0.0,1.0,regex_baseline
26663A,German,0,2,0,0.0,0.0,0.0,0.0,1.0,regex_baseline
18831A,German,0,3,0,0.0,0.0,0.0,0.0,1.0,regex_baseline
27356A,German,1,2,0,0.3333,1.0,0.5,0.0,0.6667,regex_baseline
22931B,German,0,4,0,0.0,0.0,0.0,0.0,1.0,regex_baseline
23599C,German,0,1,0,0.0,0.0,0.0,0.0,1.0,regex_baseline
23026C,German,0,3,0,0.0,0.0,0.0,0.0,1.0,regex_baseline
19358D,German,0,5,0,0.0,0.0,0.0,0.0,1.0,regex_baseline
15746A,German,0,1,0,0.0,0.0,0.0,0.0,1.0,regex_baseline
22028C,German,0,0,1,0.0,0.0,0.0,1.0,0.0,regex_baseline
23761D,German,0,0,1,0.0,0.0,0.0,1.0,0.0,regex_baseline
26974C,German,0,0,0,0.0,0.0,0.0,0.0,0.0,regex_baseline
15074C,German,0,2,0,0.0,0.0,0.0,0.0,1.0,regex_baseline
18272B,German,0,0,0,0.0,0.0,0.0,0.0,0.0,regex_baseline
21532A,German,0,1,0,0.0,0.0,0.0,0.0,1.0,regex_baseline
19198A,German,0,2,0,0.0,0.0,0.0,0.0,1.0,regex_baseline
22724B,German,0,0,1,0.0,0.0,0.0,1.0,0.0,regex_baseline
24869B,German,0,4,0,0.0,0.0,0.0,0.0,1.0,regex_baseline
18574B,German,0,0,0,0.0,0.0,0.0,0.0,0.0,regex_baseline
25170B,German,0,1,0,0.0,0.0,0.0,0.0,1.0,regex_baseline
15724B,German,0,3,0,0.0,0.0,0.0,0.0,1.0,regex_baseline
23121B,German,0,1,0,0.0,0.0,0.0,0.0,1.0,regex_baseline
23667A,German,1,4,0,0.2,1.0,0.3333,0.0,0.8,regex_baseline
25381B,German,0,0,0,0.0,0.0,0.0,0.0,0.0,regex_baseline
27122B,German,0,0,0,0.0,0.0,0.0,0.0,0.0,regex_baseline
23375A,German,0,6,0,0.0,0.0,0.0,0.0,1.0,regex_baseline
26608A,German,2,2,0,0.5,1.0,0.6667,0.0,0.5,regex_baseline
21119B,German,1,4,0,0.2,1.0,0.3333,0.0,0.8,regex_baseline
15216A,German,0,0,0,0.0,0.0,0.0,0.0,0.0,regex_baseline
22781,German,1,5,0,0.1667,1.0,0.2857,0.0,0.8333,regex_baseline
23126,German,0,2,6,0.0,0.0,0.0,1.0,1.0,regex_baseline
19749B,German,1,1,0,0.5,1.0,0.6667,0.0,0.5,regex_baseline
20841B,German,0,0,0,0.0,0.0,0.0,0.0,0.0,regex_baseline
14142A,German,0,4,1,0.0,0.0,0.0,1.0,1.0,regex_baseline
19043B,German,0,2,0,0.0,0.0,0.0,0.0,1.0,regex_baseline
18262A,German,1,0,0,1.0,1.0,1.0,0.0,0.0,regex_baseline
16505A,German,0,0,0,0.0,0.0,0.0,0.0,0.0,regex_baseline
27169B,German,3,1,1,0.75,0.75,0.75,0.25,0.25,regex_baseline
16992C,German,0,3,0,0.0,0.0,0.0,0.0,1.0,regex_baseline
18740B,German,3,0,0,1.0,1.0,1.0,0.0,0.0,regex_baseline
27148A,German,1,2,0,0.3333,1.0,0.5,0.0,0.6667,regex_baseline
24520B,German,2,1,0,0.6667,1.0,0.8,0.0,0.3333,regex_baseline
20527B,German,1,1,0,0.5,1.0,0.6667,0.0,0.5,regex_baseline
16694C,German,0,3,0,0.0,0.0,0.0,0.0,1.0,regex_baseline
56754B,Italian,0,2,0,0.0,0.0,0.0,0.0,1.0,regex_baseline
55550C,Italian,0,3,0,0.0,0.0,0.0,0.0,1.0,regex_baseline
55824G,Italian,0,0,0,0.0,0.0,0.0,0.0,0.0,regex_baseline
54708B,Italian,0,0,0,0.0,0.0,0.0,0.0,0.0,regex_baseline
57742A,Italian,0,0,0,0.0,0.0,0.0,0.0,0.0,regex_baseline
65292C,Italian,0,0,0,0.0,0.0,0.0,0.0,0.0,regex_baseline
64561E,Italian,0,0,0,0.0,0.0,0.0,0.0,0.0,regex_baseline
55045D,Italian,0,0,0,0.0,0.0,0.0,0.0,0.0,regex_baseline
60730B,Italian,1,0,1,1.0,0.5,0.6667,0.5,0.0,regex_baseline
64303A,Italian,0,2,0,0.0,0.0,0.0,0.0,1.0,regex_baseline
61174A,Italian,2,2,0,0.5,1.0,0.6667,0.0,0.5,regex_baseline
65152A,Italian,0,11,0,0.0,0.0,0.0,0.0,1.0,regex_baseline
63821E,Italian,0,0,0,0.0,0.0,0.0,0.0,0.0,regex_baseline
65834A,Italian,1,1,0,0.5,1.0,0.6667,0.0,0.5,regex_baseline
60990A,Italian,0,0,1,0.0,0.0,0.0,1.0,0.0,regex_baseline
54127C,Italian,0,0,0,0.0,0.0,0.0,0.0,0.0,regex_baseline
62763B,Italian,0,1,0,0.0,0.0,0.0,0.0,1.0,regex_baseline
58366B,Italian,0,0,0,0.0,0.0,0.0,0.0,0.0,regex_baseline
65754A,Italian,0,2,0,0.0,0.0,0.0,0.0,1.0,regex_baseline
64243A,Italian,0,0,0,0.0,0.0,0.0,0.0,0.0,regex_baseline
62181B,Italian,0,0,0,0.0,0.0,0.0,0.0,0.0,regex_baseline
55476B,Italian,1,2,0,0.3333,1.0,0.5,0.0,0.6667,regex_baseline
61914C,Italian,0,0,1,0.0,0.0,0.0,1.0,0.0,regex_baseline
58921A,Italian,0,3,0,0.0,0.0,0.0,0.0,1.0,regex_baseline
55824A,Italian,0,1,0,0.0,0.0,0.0,0.0,1.0,regex_baseline
55937C,Italian,0,0,1,0.0,0.0,0.0,1.0,0.0,regex_baseline
56196A,Italian,0,2,0,0.0,0.0,0.0,0.0,1.0,regex_baseline
65081C,Italian,1,3,0,0.25,1.0,0.4,0.0,0.75,regex_baseline
63158A,Italian,0,0,0,0.0,0.0,0.0,0.0,0.0,regex_baseline
64303B,Italian,0,5,0,0.0,0.0,0.0,0.0,1.0,regex_baseline
62251,Italian,0,1,0,0.0,0.0,0.0,0.0,1.0,regex_baseline
64804B,Italian,1,2,0,0.3333,1.0,0.5,0.0,0.6667,regex_baseline
66120A,Italian,0,0,0,0.0,0.0,0.0,0.0,0.0,regex_baseline
55999B,Italian,1,0,0,1.0,1.0,1.0,0.0,0.0,regex_baseline
63566A,Italian,1,2,0,0.3333,1.0,0.5,0.0,0.6667,regex_baseline
59760A,Italian,0,0,0,0.0,0.0,0.0,0.0,0.0,regex_baseline
54231A,Italian,0,0,0,0.0,0.0,0.0,0.0,0.0,regex_baseline
59370C,Italian,0,1,0,0.0,0.0,0.0,0.0,1.0,regex_baseline
58727D,Italian,1,0,0,1.0,1.0,1.0,0.0,0.0,regex_baseline
62976B,Italian,1,5,1,0.1667,0.5,0.25,0.5,0.8333,regex_baseline
63540A,Italian,0,0,0,0.0,0.0,0.0,0.0,0.0,regex_baseline
56923,Italian,0,1,6,0.0,0.0,0.0,1.0,1.0,regex_baseline
66956B,Italian,2,2,0,0.5,1.0,0.6667,0.0,0.5,regex_baseline
59855A,Italian,2,1,0,0.6667,1.0,0.8,0.0,0.3333,regex_baseline
62097B,Italian,0,5,0,0.0,0.0,0.0,0.0,1.0,regex_baseline
57585D,Italian,0,1,0,0.0,0.0,0.0,0.0,1.0,regex_baseline
64026F,Italian,0,0,0,0.0,0.0,0.0,0.0,0.0,regex_baseline
63997C,Italian,10,0,0,1.0,1.0,1.0,0.0,0.0,regex_baseline
64494C,Italian,0,0,1,0.0,0.0,0.0,1.0,0.0,regex_baseline
59929B,Italian,1,1,0,0.5,1.0,0.6667,0.0,0.5,regex_baseline
56873A,Italian,0,0,0,0.0,0.0,0.0,0.0,0.0,regex_baseline
61075B,Italian,0,3,0,0.0,0.0,0.0,0.0,1.0,regex_baseline
56958A,Italian,0,0,0,0.0,0.0,0.0,0.0,0.0,regex_baseline
57924,Italian,0,4,2,0.0,0.0,0.0,1.0,1.0,regex_baseline
66905A,Italian,0,0,0,0.0,0.0,0.0,0.0,0.0,regex_baseline
64798B,Italian,0,3,1,0.0,0.0,0.0,1.0,1.0,regex_baseline
64499B,Italian,1,3,0,0.25,1.0,0.4,0.0,0.75,regex_baseline
60235B,Italian,0,0,0,0.0,0.0,0.0,0.0,0.0,regex_baseline
66132A,Italian,0,0,0,0.0,0.0,0.0,0.0,0.0,regex_baseline
56349C,Italian,0,2,0,0.0,0.0,0.0,0.0,1.0,regex_baseline
58770B,Italian,1,0,0,1.0,1.0,1.0,0.0,0.0,regex_baseline
63009,Italian,0,1,1,0.0,0.0,0.0,1.0,1.0,regex_baseline
66647D,Italian,0,0,1,0.0,0.0,0.0,1.0,0.0,regex_baseline
61510B,Italian,3,0,0,1.0,1.0,1.0,0.0,0.0,regex_baseline
59799A,Italian,0,1,0,0.0,0.0,0.0,0.0,1.0,regex_baseline
60154B,Italian,0,0,1,0.0,0.0,0.0,1.0,0.0,regex_baseline
64275B,Italian,1,2,0,0.3333,1.0,0.5,0.0,0.6667,regex_baseline
57538B,Italian,1,0,0,1.0,1.0,1.0,0.0,0.0,regex_baseline
64416B,Italian,0,0,0,0.0,0.0,0.0,0.0,0.0,regex_baseline
59002B,Italian,0,4,0,0.0,0.0,0.0,0.0,1.0,regex_baseline
60640B,Italian,1,1,0,0.5,1.0,0.6667,0.0,0.5,regex_baseline
61001C,Italian,0,0,0,0.0,0.0,0.0,0.0,0.0,regex_baseline
59497A,Italian,1,0,0,1.0,1.0,1.0,0.0,0.0,regex_baseline
66909C,Italian,0,0,0,0.0,0.0,0.0,0.0,0.0,regex_baseline
55937A,Italian,0,0,0,0.0,0.0,0.0,0.0,0.0,regex_baseline
64887B,Italian,0,3,0,0.0,0.0,0.0,0.0,1.0,regex_baseline
56414A,Italian,0,0,0,0.0,0.0,0.0,0.0,0.0,regex_baseline
64703B,Italian,0,0,0,0.0,0.0,0.0,0.0,0.0,regex_baseline
62031A,Italian,0,0,0,0.0,0.0,0.0,0.0,0.0,regex_baseline
55565B,Italian,0,3,0,0.0,0.0,0.0,0.0,1.0,regex_baseline
65697B,Italian,0,1,0,0.0,0.0,0.0,0.0,1.0,regex_baseline
57082B,Italian,0,4,0,0.0,0.0,0.0,0.0,1.0,regex_baseline
54340A,Italian,0,0,0,0.0,0.0,0.0,0.0,0.0,regex_baseline
62475D,Italian,0,2,0,0.0,0.0,0.0,0.0,1.0,regex_baseline
60364B,Italian,0,0,0,0.0,0.0,0.0,0.0,0.0,regex_baseline
65729A,Italian,0,1,1,0.0,0.0,0.0,1.0,1.0,regex_baseline
58840A,Italian,1,0,0,1.0,1.0,1.0,0.0,0.0,regex_baseline
61331A,Italian,0,0,0,0.0,0.0,0.0,0.0,0.0,regex_baseline
66508B,Italian,0,0,0,0.0,0.0,0.0,0.0,0.0,regex_baseline
55056C,Italian,0,0,0,0.0,0.0,0.0,0.0,0.0,regex_baseline
63402A,Italian,1,0,0,1.0,1.0,1.0,0.0,0.0,regex_baseline
65313B,Italian,0,3,0,0.0,0.0,0.0,0.0,1.0,regex_baseline
60842A,Italian,0,0,0,0.0,0.0,0.0,0.0,0.0,regex_baseline
65393A,Italian,0,2,0,0.0,0.0,0.0,0.0,1.0,regex_baseline
55367E,Italian,0,3,1,0.0,0.0,0.0,1.0,1.0,regex_baseline
57585E,Italian,0,1,0,0.0,0.0,0.0,0.0,1.0,regex_baseline
54788A,Italian,0,0,0,0.0,0.0,0.0,0.0,0.0,regex_baseline
64198B,Italian,1,2,0,0.3333,1.0,0.5,0.0,0.6667,regex_baseline
55918A,Italian,1,0,0,1.0,1.0,1.0,0.0,0.0,regex_baseline
57406A,Italian,0,8,0,0.0,0.0,0.0,0.0,1.0,regex_baseline
59932B,Italian,2,3,1,0.4,0.6667,0.5,0.3333,0.6,regex_baseline
66145A,Italian,1,3,0,0.25,1.0,0.4,0.0,0.75,regex_baseline
60811B,Italian,0,0,0,0.0,0.0,0.0,0.0,0.0,regex_baseline
55695B,Italian,0,6,0,0.0,0.0,0.0,0.0,1.0,regex_baseline
65078C,Italian,0,0,0,0.0,0.0,0.0,0.0,0.0,regex_baseline
59749C,Italian,2,6,0,0.25,1.0,0.4,0.0,0.75,regex_baseline
54903C,Italian,0,0,0,0.0,0.0,0.0,0.0,0.0,regex_baseline
66644B,Italian,0,0,0,0.0,0.0,0.0,0.0,0.0,regex_baseline
66207A,Italian,0,0,0,0.0,0.0,0.0,0.0,0.0,regex_baseline
56691A,Italian,0,0,0,0.0,0.0,0.0,0.0,0.0,regex_baseline
64887A,Italian,1,0,0,1.0,1.0,1.0,0.0,0.0,regex_baseline
59957D,Italian,7,7,1,0.5,0.875,0.6364,0.125,0.5,regex_baseline
65845A,Italian,0,0,0,0.0,0.0,0.0,0.0,0.0,regex_baseline
58547A,Italian,0,2,0,0.0,0.0,0.0,0.0,1.0,regex_baseline
66471C,Italian,0,0,0,0.0,0.0,0.0,0.0,0.0,regex_baseline
53995D,Italian,0,6,0,0.0,0.0,0.0,0.0,1.0,regex_baseline
59430C,Italian,1,0,0,1.0,1.0,1.0,0.0,0.0,regex_baseline
54355A,Italian,0,1,0,0.0,0.0,0.0,0.0,1.0,regex_baseline
59210B,Italian,0,2,0,0.0,0.0,0.0,0.0,1.0,regex_baseline
60638A,Italian,0,0,0,0.0,0.0,0.0,0.0,0.0,regex_baseline
58874B,Italian,1,0,0,1.0,1.0,1.0,0.0,0.0,regex_baseline
56890A,Italian,0,0,0,0.0,0.0,0.0,0.0,0.0,regex_baseline
59060E,Italian,0,0,0,0.0,0.0,0.0,0.0,0.0,regex_baseline
54758B,Italian,0,1,0,0.0,0.0,0.0,0.0,1.0,regex_baseline
58896D,Italian,0,0,0,0.0,0.0,0.0,0.0,0.0,regex_baseline
56727A,Italian,1,1,0,0.5,1.0,0.6667,0.0,0.5,regex_baseline
54019A,Italian,2,4,0,0.3333,1.0,0.5,0.0,0.6667,regex_baseline
58078B,Italian,1,0,0,1.0,1.0,1.0,0.0,0.0,regex_baseline
66477C,Italian,0,1,0,0.0,0.0,0.0,0.0,1.0,regex_baseline
55024A,Italian,1,3,0,0.25,1.0,0.4,0.0,0.75,regex_baseline
65219B,Italian,0,12,0,0.0,0.0,0.0,0.0,1.0,regex_baseline
63477B,Italian,1,0,0,1.0,1.0,1.0,0.0,0.0,regex_baseline
62609A,Italian,0,0,0,0.0,0.0,0.0,0.0,0.0,regex_baseline
58347B,Italian,1,0,1,1.0,0.5,0.6667,0.5,0.0,regex_baseline
64594A,Italian,0,0,1,0.0,0.0,0.0,1.0,0.0,regex_baseline
55676A,Italian,0,3,0,0.0,0.0,0.0,0.0,1.0,regex_baseline
55550D,Italian,0,1,0,0.0,0.0,0.0,0.0,1.0,regex_baseline
54135B,Italian,1,2,0,0.3333,1.0,0.5,0.0,0.6667,regex_baseline
57608C,Italian,4,6,2,0.4,0.6667,0.5,0.3333,0.6,regex_baseline
66300D,Italian,0,0,0,0.0,0.0,0.0,0.0,0.0,regex_baseline
65067D,Italian,0,3,0,0.0,0.0,0.0,0.0,1.0,regex_baseline
60263A,Italian,0,1,1,0.0,0.0,0.0,1.0,1.0,regex_baseline
63200A,Italian,0,0,0,0.0,0.0,0.0,0.0,0.0,regex_baseline
65081A,Italian,0,0,0,0.0,0.0,0.0,0.0,0.0,regex_baseline
55568B,Italian,0,5,0,0.0,0.0,0.0,0.0,1.0,regex_baseline
64107B,Italian,0,1,1,0.0,0.0,0.0,1.0,1.0,regex_baseline
63305C,Italian,0,0,0,0.0,0.0,0.0,0.0,0.0,regex_baseline
59919C,Italian,0,0,1,0.0,0.0,0.0,1.0,0.0,regex_baseline
62148D,Italian,0,0,0,0.0,0.0,0.0,0.0,0.0,regex_baseline
53715C,Italian,0,4,0,0.0,0.0,0.0,0.0,1.0,regex_baseline
66155B,Italian,0,4,0,0.0,0.0,0.0,0.0,1.0,regex_baseline
54734A,Italian,0,0,0,0.0,0.0,0.0,0.0,0.0,regex_baseline
53891C,Italian,1,0,0,1.0,1.0,1.0,0.0,0.0,regex_baseline
57193A,Italian,0,1,0,0.0,0.0,0.0,0.0,1.0,regex_baseline
56622C,Italian,0,0,0,0.0,0.0,0.0,0.0,0.0,regex_baseline
65143E,Italian,0,3,1,0.0,0.0,0.0,1.0,1.0,regex_baseline
55727C,Italian,0,0,0,0.0,0.0,0.0,0.0,0.0,regex_baseline
61259,Italian,0,1,1,0.0,0.0,0.0,1.0,1.0,regex_baseline
66578B,Italian,0,2,0,0.0,0.0,0.0,0.0,1.0,regex_baseline
63639B,Italian,1,7,0,0.125,1.0,0.2222,0.0,0.875,regex_baseline
62082A,Italian,1,0,0,1.0,1.0,1.0,0.0,0.0,regex_baseline
61003C,Italian,0,0,0,0.0,0.0,0.0,0.0,0.0,regex_baseline
59557,Italian,1,0,1,1.0,0.5,0.6667,0.5,0.0,regex_baseline
55158C,Italian,0,1,0,0.0,0.0,0.0,0.0,1.0,regex_baseline
64370A,Italian,0,0,0,0.0,0.0,0.0,0.0,0.0,regex_baseline
57629A,Italian,1,3,0,0.25,1.0,0.4,0.0,0.75,regex_baseline
56926,Italian,7,3,3,0.7,0.7,0.7,0.3,0.3,regex_baseline
57817C,Italian,1,2,0,0.3333,1.0,0.5,0.0,0.6667,regex_baseline
55318C,Italian,0,0,0,0.0,0.0,0.0,0.0,0.0,regex_baseline
54277C,Italian,0,0,0,0.0,0.0,0.0,0.0,0.0,regex_baseline
56936D,Italian,1,2,0,0.3333,1.0,0.5,0.0,0.6667,regex_baseline
59510C,Italian,1,0,0,1.0,1.0,1.0,0.0,0.0,regex_baseline
62451B,Italian,0,1,0,0.0,0.0,0.0,0.0,1.0,regex_baseline
64629C,Italian,0,1,1,0.0,0.0,0.0,1.0,1.0,regex_baseline
62236A,Italian,2,1,0,0.6667,1.0,0.8,0.0,0.3333,regex_baseline
60057A,Italian,0,0,0,0.0,0.0,0.0,0.0,0.0,regex_baseline
54477B,Italian,0,0,0,0.0,0.0,0.0,0.0,0.0,regex_baseline
55158A,Italian,0,0,0,0.0,0.0,0.0,0.0,0.0,regex_baseline
65177A,Italian,1,0,0,1.0,1.0,1.0,0.0,0.0,regex_baseline
66143A,Italian,0,3,1,0.0,0.0,0.0,1.0,1.0,regex_baseline
60620B,Italian,0,2,0,0.0,0.0,0.0,0.0,1.0,regex_baseline
61899B,Italian,0,2,1,0.0,0.0,0.0,1.0,1.0,regex_baseline
61111C,Italian,0,0,0,0.0,0.0,0.0,0.0,0.0,regex_baseline
53861A,Italian,0,0,0,0.0,0.0,0.0,0.0,0.0,regex_baseline
62347C,Italian,1,2,0,0.3333,1.0,0.5,0.0,0.6667,regex_baseline
60833B,Italian,0,0,0,0.0,0.0,0.0,0.0,0.0,regex_baseline
61571A,Italian,0,4,0,0.0,0.0,0.0,0.0,1.0,regex_baseline
56988A,Italian,0,1,0,0.0,0.0,0.0,0.0,1.0,regex_baseline
63526D,Italian,0,0,0,0.0,0.0,0.0,0.0,0.0,regex_baseline
55634B,Italian,1,0,0,1.0,1.0,1.0,0.0,0.0,regex_baseline
57675B,Italian,0,1,0,0.0,0.0,0.0,0.0,1.0,regex_baseline
59625C,Italian,0,1,0,0.0,0.0,0.0,0.0,1.0,regex_baseline
53649A,Italian,0,0,0,0.0,0.0,0.0,0.0,0.0,regex_baseline
62144C,Italian,0,0,0,0.0,0.0,0.0,0.0,0.0,regex_baseline
58567D,Italian,0,0,0,0.0,0.0,0.0,0.0,0.0,regex_baseline
56965B,Italian,0,0,0,0.0,0.0,0.0,0.0,0.0,regex_baseline
61512A,Italian,1,0,0,1.0,1.0,1.0,0.0,0.0,regex_baseline
59451B,Italian,0,3,0,0.0,0.0,0.0,0.0,1.0,regex_baseline
56274A,Italian,0,3,1,0.0,0.0,0.0,1.0,1.0,regex_baseline
62809C,Italian,0,0,1,0.0,0.0,0.0,1.0,0.0,regex_baseline
62874B,Italian,0,1,0,0.0,0.0,0.0,0.0,1.0,regex_baseline
54799C,Italian,0,0,0,0.0,0.0,0.0,0.0,0.0,regex_baseline
60960A,Italian,0,2,1,0.0,0.0,0.0,1.0,1.0,regex_baseline
58667B,Italian,2,0,0,1.0,1.0,1.0,0.0,0.0,regex_baseline
54536A,Italian,1,2,0,0.3333,1.0,0.5,0.0,0.6667,regex_baseline
66724B,Italian,0,4,0,0.0,0.0,0.0,0.0,1.0,regex_baseline
60986B,Italian,0,0,0,0.0,0.0,0.0,0.0,0.0,regex_baseline
61224B,Italian,0,2,0,0.0,0.0,0.0,0.0,1.0,regex_baseline
60727B,Italian,0,0,0,0.0,0.0,0.0,0.0,0.0,regex_baseline
64550A,Italian,1,0,0,1.0,1.0,1.0,0.0,0.0,regex_baseline
61321C,Italian,0,0,0,0.0,0.0,0.0,0.0,0.0,regex_baseline
53909B,Italian,0,0,0,0.0,0.0,0.0,0.0,0.0,regex_baseline
59111A,Italian,0,1,0,0.0,0.0,0.0,0.0,1.0,regex_baseline
65720A,Italian,2,0,0,1.0,1.0,1.0,0.0,0.0,regex_baseline
60242A,Italian,1,3,0,0.25,1.0,0.4,0.0,0.75,regex_baseline
54220B,Italian,0,0,0,0.0,0.0,0.0,0.0,0.0,regex_baseline
62418B,Italian,0,0,0,0.0,0.0,0.0,0.0,0.0,regex_baseline
59081A,Italian,0,0,0,0.0,0.0,0.0,0.0,0.0,regex_baseline
58871C,Italian,0,3,0,0.0,0.0,0.0,0.0,1.0,regex_baseline
57156B,Italian,0,0,0,0.0,0.0,0.0,0.0,0.0,regex_baseline
63986A,Italian,1,0,0,1.0,1.0,1.0,0.0,0.0,regex_baseline
53856B,Italian,0,0,1,0.0,0.0,0.0,1.0,0.0,regex_baseline
58629A,Italian,0,3,0,0.0,0.0,0.0,0.0,1.0,regex_baseline
64565C,Italian,2,2,0,0.5,1.0,0.6667,0.0,0.5,regex_baseline
54530B,Italian,0,0,1,0.0,0.0,0.0,1.0,0.0,regex_baseline
58475,Italian,2,6,1,0.25,0.6667,0.3636,0.3333,0.75,regex_baseline
56975B,Italian,1,5,0,0.1667,1.0,0.2857,0.0,0.8333,regex_baseline
63731C,Italian,0,5,1,0.0,0.0,0.0,1.0,1.0,regex_baseline
62713B,Italian,6,6,0,0.5,1.0,0.6667,0.0,0.5,regex_baseline
62292B,Italian,0,2,0,0.0,0.0,0.0,0.0,1.0,regex_baseline
55081B,Italian,0,5,0,0.0,0.0,0.0,0.0,1.0,regex_baseline
64320D,Italian,0,0,0,0.0,0.0,0.0,0.0,0.0,regex_baseline
61684A,Italian,0,0,0,0.0,0.0,0.0,0.0,0.0,regex_baseline
63766B,Italian,3,4,0,0.4286,1.0,0.6,0.0,0.5714,regex_baseline
64084A,Italian,0,1,0,0.0,0.0,0.0,0.0,1.0,regex_baseline
58306A,Italian,0,0,0,0.0,0.0,0.0,0.0,0.0,regex_baseline
55501A,Italian,0,0,0,0.0,0.0,0.0,0.0,0.0,regex_baseline
54240B,Italian,0,0,0,0.0,0.0,0.0,0.0,0.0,regex_baseline
58566E,Italian,0,1,0,0.0,0.0,0.0,0.0,1.0,regex_baseline
61239A,Italian,0,1,0,0.0,0.0,0.0,0.0,1.0,regex_baseline
58377D,Italian,0,4,0,0.0,0.0,0.0,0.0,1.0,regex_baseline
64856C,Italian,0,0,0,0.0,0.0,0.0,0.0,0.0,regex_baseline
62502A,Italian,0,0,0,0.0,0.0,0.0,0.0,0.0,regex_baseline
56121A,Italian,0,0,0,0.0,0.0,0.0,0.0,0.0,regex_baseline
65074A,Italian,1,1,0,0.5,1.0,0.6667,0.0,0.5,regex_baseline
64421C,Italian,0,0,0,0.0,0.0,0.0,0.0,0.0,regex_baseline
63079C,Italian,0,0,0,0.0,0.0,0.0,0.0,0.0,regex_baseline
60187B,Italian,0,0,0,0.0,0.0,0.0,0.0,0.0,regex_baseline
63182C,Italian,0,3,0,0.0,0.0,0.0,0.0,1.0,regex_baseline
60338B,Italian,0,3,0,0.0,0.0,0.0,0.0,1.0,regex_baseline
62347B,Italian,0,2,0,0.0,0.0,0.0,0.0,1.0,regex_baseline
56209B,Italian,0,0,1,0.0,0.0,0.0,1.0,0.0,regex_baseline
64832C,Italian,2,0,0,1.0,1.0,1.0,0.0,0.0,regex_baseline
55522A,Italian,1,0,0,1.0,1.0,1.0,0.0,0.0,regex_baseline
54477D,Italian,0,0,0,0.0,0.0,0.0,0.0,0.0,regex_baseline
63495C,Italian,0,0,0,0.0,0.0,0.0,0.0,0.0,regex_baseline
66622A,Italian,0,0,0,0.0,0.0,0.0,0.0,0.0,regex_baseline
60067B,Italian,0,0,0,0.0,0.0,0.0,0.0,0.0,regex_baseline
54126D,Italian,0,0,0,0.0,0.0,0.0,0.0,0.0,regex_baseline
57716B,Italian,0,2,0,0.0,0.0,0.0,0.0,1.0,regex_baseline
56423C,Italian,0,1,1,0.0,0.0,0.0,1.0,1.0,regex_baseline
54231B,Italian,0,0,0,0.0,0.0,0.0,0.0,0.0,regex_baseline
64592B,Italian,0,0,0,0.0,0.0,0.0,0.0,0.0,regex_baseline
56409D,Italian,0,0,0,0.0,0.0,0.0,0.0,0.0,regex_baseline
65867B,Italian,2,1,0,0.6667,1.0,0.8,0.0,0.3333,regex_baseline
54199B,Italian,0,2,1,0.0,0.0,0.0,1.0,1.0,regex_baseline
58040B,Italian,0,2,0,0.0,0.0,0.0,0.0,1.0,regex_baseline
66497,Italian,4,7,0,0.3636,1.0,0.5333,0.0,0.6364,regex_baseline
57937A,Italian,0,0,0,0.0,0.0,0.0,0.0,0.0,regex_baseline
60833C,Italian,0,1,0,0.0,0.0,0.0,0.0,1.0,regex_baseline
59238D,Italian,1,2,0,0.3333,1.0,0.5,0.0,0.6667,regex_baseline
64870C,Italian,0,0,0,0.0,0.0,0.0,0.0,0.0,regex_baseline
61217C,Italian,1,0,0,1.0,1.0,1.0,0.0,0.0,regex_baseline
60269E,Italian,0,0,1,0.0,0.0,0.0,1.0,0.0,regex_baseline
57151C,Italian,1,1,0,0.5,1.0,0.6667,0.0,0.5,regex_baseline
54126A,Italian,0,0,0,0.0,0.0,0.0,0.0,0.0,regex_baseline
64031C,Italian,0,0,0,0.0,0.0,0.0,0.0,0.0,regex_baseline
62551D,Italian,0,0,0,0.0,0.0,0.0,0.0,0.0,regex_baseline
56316B,Italian,0,1,1,0.0,0.0,0.0,1.0,1.0,regex_baseline
57594B,Italian,0,1,0,0.0,0.0,0.0,0.0,1.0,regex_baseline
58624,Italian,0,1,0,0.0,0.0,0.0,0.0,1.0,regex_baseline
65540A,Italian,1,2,0,0.3333,1.0,0.5,0.0,0.6667,regex_baseline
64448A,Italian,0,11,0,0.0,0.0,0.0,0.0,1.0,regex_baseline
65585A,Italian,0,1,0,0.0,0.0,0.0,0.0,1.0,regex_baseline
62677B,Italian,0,0,0,0.0,0.0,0.0,0.0,0.0,regex_baseline
58298A,Italian,1,2,0,0.3333,1.0,0.5,0.0,0.6667,regex_baseline
57422A,Italian,0,3,0,0.0,0.0,0.0,0.0,1.0,regex_baseline
55367C,Italian,0,3,0,0.0,0.0,0.0,0.0,1.0,regex_baseline
64680B,Italian,0,3,1,0.0,0.0,0.0,1.0,1.0,regex_baseline
58773A,Italian,0,2,0,0.0,0.0,0.0,0.0,1.0,regex_baseline
59744B,Italian,0,0,0,0.0,0.0,0.0,0.0,0.0,regex_baseline
65927E,Italian,0,2,0,0.0,0.0,0.0,0.0,1.0,regex_baseline
59262A,Italian,0,0,0,0.0,0.0,0.0,0.0,0.0,regex_baseline
63918A,Italian,1,0,0,1.0,1.0,1.0,0.0,0.0,regex_baseline
59785B,Italian,0,7,0,0.0,0.0,0.0,0.0,1.0,regex_baseline
66001A,Italian,0,0,0,0.0,0.0,0.0,0.0,0.0,regex_baseline
66761D,Italian,0,2,1,0.0,0.0,0.0,1.0,1.0,regex_baseline
59075A,Italian,1,0,0,1.0,1.0,1.0,0.0,0.0,regex_baseline
58400B,Italian,0,0,0,0.0,0.0,0.0,0.0,0.0,regex_baseline
56264C,Italian,0,5,0,0.0,0.0,0.0,0.0,1.0,regex_baseline
60568B,Italian,0,10,0,0.0,0.0,0.0,0.0,1.0,regex_baseline
63148D,Italian,0,0,0,0.0,0.0,0.0,0.0,0.0,regex_baseline
60585D,Italian,0,3,0,0.0,0.0,0.0,0.0,1.0,regex_baseline
58769A,Italian,0,0,0,0.0,0.0,0.0,0.0,0.0,regex_baseline
66381B,Italian,0,0,1,0.0,0.0,0.0,1.0,0.0,regex_baseline
64662C,Italian,3,3,0,0.5,1.0,0.6667,0.0,0.5,regex_baseline
60881B,Italian,1,0,0,1.0,1.0,1.0,0.0,0.0,regex_baseline
57316A,Italian,2,1,0,0.6667,1.0,0.8,0.0,0.3333,regex_baseline
54777C,Italian,0,1,0,0.0,0.0,0.0,0.0,1.0,regex_baseline
63639A,Italian,1,7,0,0.125,1.0,0.2222,0.0,0.875,regex_baseline
59574A,Italian,0,1,0,0.0,0.0,0.0,0.0,1.0,regex_baseline
54730A,Italian,0,0,0,0.0,0.0,0.0,0.0,0.0,regex_baseline
59640D,Italian,0,2,0,0.0,0.0,0.0,0.0,1.0,regex_baseline
62001A,Italian,0,0,0,0.0,0.0,0.0,0.0,0.0,regex_baseline
64963A,Italian,1,0,1,1.0,0.5,0.6667,0.5,0.0,regex_baseline
56195A,Italian,0,1,0,0.0,0.0,0.0,0.0,1.0,regex_baseline
61226C,Italian,0,1,0,0.0,0.0,0.0,0.0,1.0,regex_baseline
57719B,Italian,2,4,0,0.3333,1.0,0.5,0.0,0.6667,regex_baseline
58121A,Italian,1,2,0,0.3333,1.0,0.5,0.0,0.6667,regex_baseline
54737C,Italian,0,0,0,0.0,0.0,0.0,0.0,0.0,regex_baseline
58234C,Italian,0,1,0,0.0,0.0,0.0,0.0,1.0,regex_baseline
62746G,Italian,0,0,0,0.0,0.0,0.0,0.0,0.0,regex_baseline
57738B,Italian,0,2,0,0.0,0.0,0.0,0.0,1.0,regex_baseline
57881C,Italian,0,0,0,0.0,0.0,0.0,0.0,0.0,regex_baseline
59870B,Italian,0,0,0,0.0,0.0,0.0,0.0,0.0,regex_baseline
62001B,Italian,0,1,0,0.0,0.0,0.0,0.0,1.0,regex_baseline
63514B,Italian,1,2,0,0.3333,1.0,0.5,0.0,0.6667,regex_baseline
59592A,Italian,0,0,0,0.0,0.0,0.0,0.0,0.0,regex_baseline
56015C,Italian,0,0,0,0.0,0.0,0.0,0.0,0.0,regex_baseline
63123C,Italian,0,0,0,0.0,0.0,0.0,0.0,0.0,regex_baseline
59846A,Italian,0,0,0,0.0,0.0,0.0,0.0,0.0,regex_baseline
58563B,Italian,0,1,0,0.0,0.0,0.0,0.0,1.0,regex_baseline
59886B,Italian,0,0,2,0.0,0.0,0.0,1.0,0.0,regex_baseline
54205C,Italian,0,0,0,0.0,0.0,0.0,0.0,0.0,regex_baseline
63633A,Italian,0,1,1,0.0,0.0,0.0,1.0,1.0,regex_baseline
65645A,Italian,0,0,0,0.0,0.0,0.0,0.0,0.0,regex_baseline
66215C,Italian,0,0,0,0.0,0.0,0.0,0.0,0.0,regex_baseline
58567B,Italian,4,0,0,1.0,1.0,1.0,0.0,0.0,regex_baseline
59689C,Italian,0,0,0,0.0,0.0,0.0,0.0,0.0,regex_baseline
57427D,Italian,0,0,0,0.0,0.0,0.0,0.0,0.0,regex_baseline
62459D,Italian,0,0,0,0.0,0.0,0.0,0.0,0.0,regex_baseline
64594B,Italian,0,0,0,0.0,0.0,0.0,0.0,0.0,regex_baseline
66652C,Italian,1,0,0,1.0,1.0,1.0,0.0,0.0,regex_baseline
54415C,Italian,1,0,0,1.0,1.0,1.0,0.0,0.0,regex_baseline
54654,Italian,0,3,3,0.0,0.0,0.0,1.0,1.0,regex_baseline
62917C,Italian,0,0,0,0.0,0.0,0.0,0.0,0.0,regex_baseline
62443C,Italian,0,0,0,0.0,0.0,0.0,0.0,0.0,regex_baseline
59331,Italian,2,1,0,0.6667,1.0,0.8,0.0,0.3333,regex_baseline
58717B,Italian,0,0,0,0.0,0.0,0.0,0.0,0.0,regex_baseline
60802B,Italian,0,0,0,0.0,0.0,0.0,0.0,0.0,regex_baseline
64703A,Italian,0,1,0,0.0,0.0,0.0,0.0,1.0,regex_baseline
64013A,Italian,5,1,0,0.8333,1.0,0.9091,0.0,0.1667,regex_baseline
63020C,Italian,0,0,0,0.0,0.0,0.0,0.0,0.0,regex_baseline
55913B,Italian,0,0,0,0.0,0.0,0.0,0.0,0.0,regex_baseline
66701C,Italian,0,1,0,0.0,0.0,0.0,0.0,1.0,regex_baseline
54060B,Italian,0,2,0,0.0,0.0,0.0,0.0,1.0,regex_baseline
55624A,Italian,0,2,0,0.0,0.0,0.0,0.0,1.0,regex_baseline
65342B,Italian,1,1,0,0.5,1.0,0.6667,0.0,0.5,regex_baseline
62064A,Italian,0,0,0,0.0,0.0,0.0,0.0,0.0,regex_baseline
63008B,Italian,2,1,0,0.6667,1.0,0.8,0.0,0.3333,regex_baseline
64453B,Italian,2,3,0,0.4,1.0,0.5714,0.0,0.6,regex_baseline
59762C,Italian,1,2,0,0.3333,1.0,0.5,0.0,0.6667,regex_baseline
54105A,Italian,0,2,0,0.0,0.0,0.0,0.0,1.0,regex_baseline
55407B,Italian,1,1,0,0.5,1.0,0.6667,0.0,0.5,regex_baseline
54526A,Italian,0,1,0,0.0,0.0,0.0,0.0,1.0,regex_baseline
56893,Italian,0,2,1,0.0,0.0,0.0,1.0,1.0,regex_baseline
64419B,Italian,0,1,0,0.0,0.0,0.0,0.0,1.0,regex_baseline
62533A,Italian,0,0,0,0.0,0.0,0.0,0.0,0.0,regex_baseline
58752C,Italian,0,0,0,0.0,0.0,0.0,0.0,0.0,regex_baseline
58679D,Italian,0,0,0,0.0,0.0,0.0,0.0,0.0,regex_baseline
59014D,Italian,0,1,1,0.0,0.0,0.0,1.0,1.0,regex_baseline
66674E,Italian,0,3,1,0.0,0.0,0.0,1.0,1.0,regex_baseline
61480A,Italian,0,6,0,0.0,0.0,0.0,0.0,1.0,regex_baseline
54077B,Italian,1,2,0,0.3333,1.0,0.5,0.0,0.6667,regex_baseline
62031D,Italian,1,0,0,1.0,1.0,1.0,0.0,0.0,regex_baseline
55800C,Italian,0,0,1,0.0,0.0,0.0,1.0,0.0,regex_baseline
63016C,Italian,0,0,1,0.0,0.0,0.0,1.0,0.0,regex_baseline
59937B,Italian,0,0,0,0.0,0.0,0.0,0.0,0.0,regex_baseline
66671B,Italian,5,8,1,0.3846,0.8333,0.5263,0.1667,0.6154,regex_baseline
58829B,Italian,1,1,0,0.5,1.0,0.6667,0.0,0.5,regex_baseline
58862B,Italian,0,5,0,0.0,0.0,0.0,0.0,1.0,regex_baseline
54696B,Italian,0,1,0,0.0,0.0,0.0,0.0,1.0,regex_baseline
61560B,Italian,0,7,0,0.0,0.0,0.0,0.0,1.0,regex_baseline
61018B,Italian,0,0,0,0.0,0.0,0.0,0.0,0.0,regex_baseline
58763B,Italian,0,2,2,0.0,0.0,0.0,1.0,1.0,regex_baseline
59238B,Italian,1,3,0,0.25,1.0,0.4,0.0,0.75,regex_baseline
58016C,Italian,0,4,1,0.0,0.0,0.0,1.0,1.0,regex_baseline
62595B,Italian,0,2,0,0.0,0.0,0.0,0.0,1.0,regex_baseline
57492A,Italian,0,2,0,0.0,0.0,0.0,0.0,1.0,regex_baseline
57077A,Italian,1,2,0,0.3333,1.0,0.5,0.0,0.6667,regex_baseline
66822A,Italian,0,0,0,0.0,0.0,0.0,0.0,0.0,regex_baseline
55205D,Italian,0,3,0,0.0,0.0,0.0,0.0,1.0,regex_baseline
53984A,Italian,0,0,0,0.0,0.0,0.0,0.0,0.0,regex_baseline
63769C,Italian,0,0,0,0.0,0.0,0.0,0.0,0.0,regex_baseline
56253B,Italian,4,0,0,1.0,1.0,1.0,0.0,0.0,regex_baseline
60614C,Italian,0,0,0,0.0,0.0,0.0,0.0,0.0,regex_baseline
60858B,Italian,0,4,0,0.0,0.0,0.0,0.0,1.0,regex_baseline
59081B,Italian,0,1,0,0.0,0.0,0.0,0.0,1.0,regex_baseline
66244B,Italian,0,3,0,0.0,0.0,0.0,0.0,1.0,regex_baseline
61415A,Italian,0,0,0,0.0,0.0,0.0,0.0,0.0,regex_baseline
55265B,Italian,0,0,0,0.0,0.0,0.0,0.0,0.0,regex_baseline
57268C,Italian,1,0,1,1.0,0.5,0.6667,0.5,0.0,regex_baseline
64352B,Italian,0,0,0,0.0,0.0,0.0,0.0,0.0,regex_baseline
57253D,Italian,0,0,0,0.0,0.0,0.0,0.0,0.0,regex_baseline
63285B,Italian,0,0,0,0.0,0.0,0.0,0.0,0.0,regex_baseline
59870E,Italian,0,0,0,0.0,0.0,0.0,0.0,0.0,regex_baseline
56605A,Italian,0,5,0,0.0,0.0,0.0,0.0,1.0,regex_baseline
62101E,Italian,0,0,0,0.0,0.0,0.0,0.0,0.0,regex_baseline
57591B,Italian,0,2,0,0.0,0.0,0.0,0.0,1.0,regex_baseline
63171B,Italian,0,3,0,0.0,0.0,0.0,0.0,1.0,regex_baseline
66275B,Italian,0,2,0,0.0,0.0,0.0,0.0,1.0,regex_baseline
60524B,Italian,0,1,1,0.0,0.0,0.0,1.0,1.0,regex_baseline
56414E,Italian,0,0,0,0.0,0.0,0.0,0.0,0.0,regex_baseline
55341A,Italian,0,0,0,0.0,0.0,0.0,0.0,0.0,regex_baseline
55527B,Italian,0,0,0,0.0,0.0,0.0,0.0,0.0,regex_baseline
65402A,Italian,0,0,0,0.0,0.0,0.0,0.0,0.0,regex_baseline
54640A,Italian,0,0,0,0.0,0.0,0.0,0.0,0.0,regex_baseline
59963F,Italian,0,2,0,0.0,0.0,0.0,0.0,1.0,regex_baseline
56084B,Italian,0,4,0,0.0,0.0,0.0,0.0,1.0,regex_baseline
66076B,Italian,0,1,0,0.0,0.0,0.0,0.0,1.0,regex_baseline
63446B,Italian,3,3,0,0.5,1.0,0.6667,0.0,0.5,regex_baseline
59859C,Italian,0,0,0,0.0,0.0,0.0,0.0,0.0,regex_baseline
54837B,Italian,1,0,0,1.0,1.0,1.0,0.0,0.0,regex_baseline
64822C,Italian,1,2,0,0.3333,1.0,0.5,0.0,0.6667,regex_baseline
63046,Italian,0,4,1,0.0,0.0,0.0,1.0,1.0,regex_baseline
66934A,Italian,1,0,0,1.0,1.0,1.0,0.0,0.0,regex_baseline
65303B,Italian,0,0,0,0.0,0.0,0.0,0.0,0.0,regex_baseline
58095B,Italian,1,3,0,0.25,1.0,0.4,0.0,0.75,regex_baseline
62872A,Italian,0,1,0,0.0,0.0,0.0,0.0,1.0,regex_baseline
58528A,Italian,0,0,0,0.0,0.0,0.0,0.0,0.0,regex_baseline
63372B,Italian,0,0,0,0.0,0.0,0.0,0.0,0.0,regex_baseline
54495C,Italian,2,2,0,0.5,1.0,0.6667,0.0,0.5,regex_baseline
61271D,Italian,0,0,1,0.0,0.0,0.0,1.0,0.0,regex_baseline
61203B,Italian,0,1,0,0.0,0.0,0.0,0.0,1.0,regex_baseline
57664B,Italian,0,1,0,0.0,0.0,0.0,0.0,1.0,regex_baseline
65955A,Italian,1,1,0,0.5,1.0,0.6667,0.0,0.5,regex_baseline
57810B,Italian,0,0,0,0.0,0.0,0.0,0.0,0.0,regex_baseline
65394A,Italian,0,1,1,0.0,0.0,0.0,1.0,1.0,regex_baseline
55875A,Italian,0,2,0,0.0,0.0,0.0,0.0,1.0,regex_baseline
63402E,Italian,0,2,0,0.0,0.0,0.0,0.0,1.0,regex_baseline
66436A,Italian,1,1,0,0.5,1.0,0.6667,0.0,0.5,regex_baseline
63248B,Italian,1,3,1,0.25,0.5,0.3333,0.5,0.75,regex_baseline
62444A,Italian,0,2,0,0.0,0.0,0.0,0.0,1.0,regex_baseline
56109C,Italian,0,6,0,0.0,0.0,0.0,0.0,1.0,regex_baseline
64629A,Italian,0,1,1,0.0,0.0,0.0,1.0,1.0,regex_baseline
58677D,Italian,0,0,0,0.0,0.0,0.0,0.0,0.0,regex_baseline
60745B,Italian,2,0,1,1.0,0.6667,0.8,0.3333,0.0,regex_baseline
56717C,Italian,0,0,0,0.0,0.0,0.0,0.0,0.0,regex_baseline
55312A,Italian,0,1,0,0.0,0.0,0.0,0.0,1.0,regex_baseline
56418B,Italian,0,2,0,0.0,0.0,0.0,0.0,1.0,regex_baseline
64613B,Italian,0,7,0,0.0,0.0,0.0,0.0,1.0,regex_baseline
55571,Italian,0,1,1,0.0,0.0,0.0,1.0,1.0,regex_baseline
56901E,Italian,0,0,0,0.0,0.0,0.0,0.0,0.0,regex_baseline
64585C,Italian,1,0,0,1.0,1.0,1.0,0.0,0.0,regex_baseline
60559B,Italian,0,0,1,0.0,0.0,0.0,1.0,0.0,regex_baseline
53995A,Italian,0,2,0,0.0,0.0,0.0,0.0,1.0,regex_baseline
58672A,Italian,1,0,0,1.0,1.0,1.0,0.0,0.0,regex_baseline
61321B,Italian,0,1,0,0.0,0.0,0.0,0.0,1.0,regex_baseline
61532A,Italian,0,0,0,0.0,0.0,0.0,0.0,0.0,regex_baseline
58791C,Italian,0,0,0,0.0,0.0,0.0,0.0,0.0,regex_baseline
60223D,Italian,0,1,0,0.0,0.0,0.0,0.0,1.0,regex_baseline
64727A,Italian,0,2,0,0.0,0.0,0.0,0.0,1.0,regex_baseline
61293A,Italian,0,1,0,0.0,0.0,0.0,0.0,1.0,regex_baseline
55464B,Italian,0,5,0,0.0,0.0,0.0,0.0,1.0,regex_baseline
62107,Italian,1,3,0,0.25,1.0,0.4,0.0,0.75,regex_baseline
65836C,Italian,1,1,0,0.5,1.0,0.6667,0.0,0.5,regex_baseline
54806E,Italian,0,0,1,0.0,0.0,0.0,1.0,0.0,regex_baseline
54507A,Italian,0,2,1,0.0,0.0,0.0,1.0,1.0,regex_baseline
57918A,Italian,0,6,0,0.0,0.0,0.0,0.0,1.0,regex_baseline
59238C,Italian,1,1,0,0.5,1.0,0.6667,0.0,0.5,regex_baseline
63509A,Italian,0,0,1,0.0,0.0,0.0,1.0,0.0,regex_baseline
63529A,Italian,1,0,0,1.0,1.0,1.0,0.0,0.0,regex_baseline
60346A,Italian,0,2,0,0.0,0.0,0.0,0.0,1.0,regex_baseline
60982B,Italian,0,6,0,0.0,0.0,0.0,0.0,1.0,regex_baseline
64272B,Italian,3,1,0,0.75,1.0,0.8571,0.0,0.25,regex_baseline
59363D,Italian,1,0,0,1.0,1.0,1.0,0.0,0.0,regex_baseline
64973B,Italian,0,0,0,0.0,0.0,0.0,0.0,0.0,regex_baseline
61568B,Italian,0,0,0,0.0,0.0,0.0,0.0,0.0,regex_baseline
54638A,Italian,0,1,0,0.0,0.0,0.0,0.0,1.0,regex_baseline
55383B,Italian,0,6,0,0.0,0.0,0.0,0.0,1.0,regex_baseline
67003B,Italian,0,1,0,0.0,0.0,0.0,0.0,1.0,regex_baseline
58059B,Italian,0,1,0,0.0,0.0,0.0,0.0,1.0,regex_baseline
62496B,Italian,0,9,0,0.0,0.0,0.0,0.0,1.0,regex_baseline
54640B,Italian,0,1,0,0.0,0.0,0.0,0.0,1.0,regex_baseline
59940A,Italian,0,0,0,0.0,0.0,0.0,0.0,0.0,regex_baseline
60201A,Italian,0,0,0,0.0,0.0,0.0,0.0,0.0,regex_baseline
63022B,Italian,4,3,0,0.5714,1.0,0.7273,0.0,0.4286,regex_baseline
60856A,Italian,1,1,0,0.5,1.0,0.6667,0.0,0.5,regex_baseline
58472B,Italian,1,0,0,1.0,1.0,1.0,0.0,0.0,regex_baseline
55447B,Italian,0,2,0,0.0,0.0,0.0,0.0,1.0,regex_baseline
65761B,Italian,0,1,0,0.0,0.0,0.0,0.0,1.0,regex_baseline
65061A,Italian,0,1,1,0.0,0.0,0.0,1.0,1.0,regex_baseline
64436A,Italian,3,3,1,0.5,0.75,0.6,0.25,0.5,regex_baseline
61285E,Italian,0,0,0,0.0,0.0,0.0,0.0,0.0,regex_baseline
62463C,Italian,0,0,0,0.0,0.0,0.0,0.0,0.0,regex_baseline
61767C,Italian,0,0,0,0.0,0.0,0.0,0.0,0.0,regex_baseline
56206C,Italian,0,0,0,0.0,0.0,0.0,0.0,0.0,regex_baseline
64259C,Italian,0,2,0,0.0,0.0,0.0,0.0,1.0,regex_baseline
55456A,Italian,0,0,0,0.0,0.0,0.0,0.0,0.0,regex_baseline
59663,Italian,0,0,1,0.0,0.0,0.0,1.0,0.0,regex_baseline
34507B,Spanish,0,1,0,0.0,0.0,0.0,0.0,1.0,regex_baseline
40112A,Spanish,0,1,1,0.0,0.0,0.0,1.0,1.0,regex_baseline
39499C,Spanish,0,0,0,0.0,0.0,0.0,0.0,0.0,regex_baseline
28472B,Spanish,2,3,0,0.4,1.0,0.5714,0.0,0.6,regex_baseline
39063A,Spanish,0,2,1,0.0,0.0,0.0,1.0,1.0,regex_baseline
29439A,Spanish,0,0,0,0.0,0.0,0.0,0.0,0.0,regex_baseline
34718G,Spanish,0,1,0,0.0,0.0,0.0,0.0,1.0,regex_baseline
29828,Spanish,0,16,1,0.0,0.0,0.0,1.0,1.0,regex_baseline
31794C,Spanish,0,4,0,0.0,0.0,0.0,0.0,1.0,regex_baseline
29945A,Spanish,1,8,0,0.1111,1.0,0.2,0.0,0.8889,regex_baseline
29916B,Spanish,2,0,0,1.0,1.0,1.0,0.0,0.0,regex_baseline
32049B,Spanish,1,2,0,0.3333,1.0,0.5,0.0,0.6667,regex_baseline
40502C,Spanish,1,1,0,0.5,1.0,0.6667,0.0,0.5,regex_baseline
37294C,Spanish,1,3,0,0.25,1.0,0.4,0.0,0.75,regex_baseline
30764A,Spanish,0,0,0,0.0,0.0,0.0,0.0,0.0,regex_baseline
32343C,Spanish,0,0,0,0.0,0.0,0.0,0.0,0.0,regex_baseline
40692A,Spanish,0,3,1,0.0,0.0,0.0,1.0,1.0,regex_baseline
40623B,Spanish,0,0,0,0.0,0.0,0.0,0.0,0.0,regex_baseline
34732,Spanish,0,0,0,0.0,0.0,0.0,0.0,0.0,regex_baseline
39887A,Spanish,0,0,1,0.0,0.0,0.0,1.0,0.0,regex_baseline
31493D,Spanish,0,1,0,0.0,0.0,0.0,0.0,1.0,regex_baseline
39237A,Spanish,0,5,0,0.0,0.0,0.0,0.0,1.0,regex_baseline
28840A,Spanish,1,4,0,0.2,1.0,0.3333,0.0,0.8,regex_baseline
31054C,Spanish,0,1,0,0.0,0.0,0.0,0.0,1.0,regex_baseline
30388D,Spanish,2,2,1,0.5,0.6667,0.5714,0.3333,0.5,regex_baseline
36269E,Spanish,0,0,0,0.0,0.0,0.0,0.0,0.0,regex_baseline
35138B,Spanish,1,0,0,1.0,1.0,1.0,0.0,0.0,regex_baseline
31363B,Spanish,0,4,0,0.0,0.0,0.0,0.0,1.0,regex_baseline
29447A,Spanish,1,1,0,0.5,1.0,0.6667,0.0,0.5,regex_baseline
36118B,Spanish,2,0,0,1.0,1.0,1.0,0.0,0.0,regex_baseline
31785A,Spanish,0,0,1,0.0,0.0,0.0,1.0,0.0,regex_baseline
35966B,Spanish,1,2,0,0.3333,1.0,0.5,0.0,0.6667,regex_baseline
34931B,Spanish,0,2,0,0.0,0.0,0.0,0.0,1.0,regex_baseline
29019,Spanish,0,1,0,0.0,0.0,0.0,0.0,1.0,regex_baseline
34499C,Spanish,0,0,0,0.0,0.0,0.0,0.0,0.0,regex_baseline
36350A,Spanish,0,3,1,0.0,0.0,0.0,1.0,1.0,regex_baseline
30014A,Spanish,0,0,0,0.0,0.0,0.0,0.0,0.0,regex_baseline
35658C,Spanish,0,0,0,0.0,0.0,0.0,0.0,0.0,regex_baseline
40630B,Spanish,0,1,0,0.0,0.0,0.0,0.0,1.0,regex_baseline
35529D,Spanish,0,0,0,0.0,0.0,0.0,0.0,0.0,regex_baseline
29850B,Spanish,0,0,0,0.0,0.0,0.0,0.0,0.0,regex_baseline
30044A,Spanish,2,1,0,0.6667,1.0,0.8,0.0,0.3333,regex_baseline
36561A,Spanish,0,0,1,0.0,0.0,0.0,1.0,0.0,regex_baseline
36114B,Spanish,0,1,0,0.0,0.0,0.0,0.0,1.0,regex_baseline
37456C,Spanish,3,0,0,1.0,1.0,1.0,0.0,0.0,regex_baseline
39988C,Spanish,1,0,0,1.0,1.0,1.0,0.0,0.0,regex_baseline
35855A,Spanish,1,2,0,0.3333,1.0,0.5,0.0,0.6667,regex_baseline
32225A,Spanish,1,2,0,0.3333,1.0,0.5,0.0,0.6667,regex_baseline
39219B,Spanish,2,0,0,1.0,1.0,1.0,0.0,0.0,regex_baseline
40319A,Spanish,0,0,0,0.0,0.0,0.0,0.0,0.0,regex_baseline
35291C,Spanish,2,6,1,0.25,0.6667,0.3636,0.3333,0.75,regex_baseline
28261B,Spanish,0,3,0,0.0,0.0,0.0,0.0,1.0,regex_baseline
38975B,Spanish,0,4,0,0.0,0.0,0.0,0.0,1.0,regex_baseline
39454B,Spanish,1,1,0,0.5,1.0,0.6667,0.0,0.5,regex_baseline
28096B,Spanish,0,11,0,0.0,0.0,0.0,0.0,1.0,regex_baseline
28863A,Spanish,1,0,0,1.0,1.0,1.0,0.0,0.0,regex_baseline
28322,Spanish,0,0,0,0.0,0.0,0.0,0.0,0.0,regex_baseline
40707A,Spanish,0,0,0,0.0,0.0,0.0,0.0,0.0,regex_baseline
36364A,Spanish,0,2,0,0.0,0.0,0.0,0.0,1.0,regex_baseline
38157D,Spanish,0,0,0,0.0,0.0,0.0,0.0,0.0,regex_baseline
35478B,Spanish,0,1,0,0.0,0.0,0.0,0.0,1.0,regex_baseline
31261A,Spanish,1,0,1,1.0,0.5,0.6667,0.5,0.0,regex_baseline
36488D,Spanish,0,0,0,0.0,0.0,0.0,0.0,0.0,regex_baseline
30599A,Spanish,0,2,1,0.0,0.0,0.0,1.0,1.0,regex_baseline
38088A,Spanish,0,0,1,0.0,0.0,0.0,1.0,0.0,regex_baseline
35391C,Spanish,0,0,0,0.0,0.0,0.0,0.0,0.0,regex_baseline
33347C,Spanish,3,0,0,1.0,1.0,1.0,0.0,0.0,regex_baseline
36037B,Spanish,0,1,0,0.0,0.0,0.0,0.0,1.0,regex_baseline
36325C,Spanish,0,1,0,0.0,0.0,0.0,0.0,1.0,regex_baseline
28124A,Spanish,0,0,1,0.0,0.0,0.0,1.0,0.0,regex_baseline
34440C,Spanish,0,2,0,0.0,0.0,0.0,0.0,1.0,regex_baseline
39816B,Spanish,1,0,0,1.0,1.0,1.0,0.0,0.0,regex_baseline
36159B,Spanish,1,2,0,0.3333,1.0,0.5,0.0,0.6667,regex_baseline
35071B,Spanish,0,0,0,0.0,0.0,0.0,0.0,0.0,regex_baseline
31589C,Spanish,0,0,0,0.0,0.0,0.0,0.0,0.0,regex_baseline
36370A,Spanish,0,0,0,0.0,0.0,0.0,0.0,0.0,regex_baseline
31774C,Spanish,0,0,0,0.0,0.0,0.0,0.0,0.0,regex_baseline
34229C,Spanish,1,0,0,1.0,1.0,1.0,0.0,0.0,regex_baseline
31000C,Spanish,1,2,1,0.3333,0.5,0.4,0.5,0.6667,regex_baseline
38642C,Spanish,0,1,0,0.0,0.0,0.0,0.0,1.0,regex_baseline
38684A,Spanish,0,4,0,0.0,0.0,0.0,0.0,1.0,regex_baseline
36901A,Spanish,2,1,0,0.6667,1.0,0.8,0.0,0.3333,regex_baseline
33152A,Spanish,0,0,0,0.0,0.0,0.0,0.0,0.0,regex_baseline
31708A,Spanish,0,1,0,0.0,0.0,0.0,0.0,1.0,regex_baseline
33829A,Spanish,0,0,0,0.0,0.0,0.0,0.0,0.0,regex_baseline
28733B,Spanish,0,0,0,0.0,0.0,0.0,0.0,0.0,regex_baseline
36971,Spanish,0,5,0,0.0,0.0,0.0,0.0,1.0,regex_baseline
28546B,Spanish,0,3,0,0.0,0.0,0.0,0.0,1.0,regex_baseline
29883C,Spanish,2,0,0,1.0,1.0,1.0,0.0,0.0,regex_baseline
33671A,Spanish,0,2,0,0.0,0.0,0.0,0.0,1.0,regex_baseline
33332C,Spanish,0,0,0,0.0,0.0,0.0,0.0,0.0,regex_baseline
34251A,Spanish,0,0,0,0.0,0.0,0.0,0.0,0.0,regex_baseline
33976F,Spanish,0,1,1,0.0,0.0,0.0,1.0,1.0,regex_baseline
30525A,Spanish,0,2,0,0.0,0.0,0.0,0.0,1.0,regex_baseline
32242C,Spanish,0,5,0,0.0,0.0,0.0,0.0,1.0,regex_baseline
35873C,Spanish,0,9,1,0.0,0.0,0.0,1.0,1.0,regex_baseline
29685C,Spanish,0,0,0,0.0,0.0,0.0,0.0,0.0,regex_baseline
31943A,Spanish,0,1,0,0.0,0.0,0.0,0.0,1.0,regex_baseline
39432C,Spanish,0,2,0,0.0,0.0,0.0,0.0,1.0,regex_baseline
37421D,Spanish,0,3,1,0.0,0.0,0.0,1.0,1.0,regex_baseline
32018B,Spanish,0,1,0,0.0,0.0,0.0,0.0,1.0,regex_baseline
37645A,Spanish,0,0,0,0.0,0.0,0.0,0.0,0.0,regex_baseline
39418A,Spanish,0,0,0,0.0,0.0,0.0,0.0,0.0,regex_baseline
32342A,Spanish,0,1,0,0.0,0.0,0.0,0.0,1.0,regex_baseline
33067C,Spanish,0,0,0,0.0,0.0,0.0,0.0,0.0,regex_baseline
29518A,Spanish,0,0,0,0.0,0.0,0.0,0.0,0.0,regex_baseline
37981C,Spanish,0,1,0,0.0,0.0,0.0,0.0,1.0,regex_baseline
32701D,Spanish,0,0,0,0.0,0.0,0.0,0.0,0.0,regex_baseline
34691B,Spanish,5,0,0,1.0,1.0,1.0,0.0,0.0,regex_baseline
35269B,Spanish,0,0,1,0.0,0.0,0.0,1.0,0.0,regex_baseline
29193A,Spanish,0,0,1,0.0,0.0,0.0,1.0,0.0,regex_baseline
32018A,Spanish,0,0,0,0.0,0.0,0.0,0.0,0.0,regex_baseline
30962C,Spanish,2,0,0,1.0,1.0,1.0,0.0,0.0,regex_baseline
34006B,Spanish,0,2,0,0.0,0.0,0.0,0.0,1.0,regex_baseline
29418B,Spanish,1,3,0,0.25,1.0,0.4,0.0,0.75,regex_baseline
31292B,Spanish,1,1,0,0.5,1.0,0.6667,0.0,0.5,regex_baseline
33786D,Spanish,0,3,0,0.0,0.0,0.0,0.0,1.0,regex_baseline
31027C,Spanish,0,0,0,0.0,0.0,0.0,0.0,0.0,regex_baseline
29651C,Spanish,0,4,0,0.0,0.0,0.0,0.0,1.0,regex_baseline
29078A,Spanish,0,0,0,0.0,0.0,0.0,0.0,0.0,regex_baseline
28394B,Spanish,1,1,1,0.5,0.5,0.5,0.5,0.5,regex_baseline
31593B,Spanish,0,0,0,0.0,0.0,0.0,0.0,0.0,regex_baseline
40659D,Spanish,1,2,0,0.3333,1.0,0.5,0.0,0.6667,regex_baseline
32897B,Spanish,0,0,0,0.0,0.0,0.0,0.0,0.0,regex_baseline
39456B,Spanish,0,0,0,0.0,0.0,0.0,0.0,0.0,regex_baseline
35982C,Spanish,0,0,1,0.0,0.0,0.0,1.0,0.0,regex_baseline
33365B,Spanish,0,2,0,0.0,0.0,0.0,0.0,1.0,regex_baseline
31030B,Spanish,1,2,0,0.3333,1.0,0.5,0.0,0.6667,regex_baseline
39470A,Spanish,0,2,1,0.0,0.0,0.0,1.0,1.0,regex_baseline
39996B,Spanish,5,2,0,0.7143,1.0,0.8333,0.0,0.2857,regex_baseline
29900A,Spanish,0,1,0,0.0,0.0,0.0,0.0,1.0,regex_baseline
38747A,Spanish,0,2,1,0.0,0.0,0.0,1.0,1.0,regex_baseline
32095E,Spanish,0,0,0,0.0,0.0,0.0,0.0,0.0,regex_baseline
40494B,Spanish,0,4,1,0.0,0.0,0.0,1.0,1.0,regex_baseline
35490A,Spanish,0,5,0,0.0,0.0,0.0,0.0,1.0,regex_baseline
37464B,Spanish,1,2,0,0.3333,1.0,0.5,0.0,0.6667,regex_baseline
31943B,Spanish,0,0,0,0.0,0.0,0.0,0.0,0.0,regex_baseline
30307C,Spanish,0,0,0,0.0,0.0,0.0,0.0,0.0,regex_baseline
38012A,Spanish,0,0,0,0.0,0.0,0.0,0.0,0.0,regex_baseline
29899A,Spanish,0,0,1,0.0,0.0,0.0,1.0,0.0,regex_baseline
34443B,Spanish,0,0,0,0.0,0.0,0.0,0.0,0.0,regex_baseline
34680C,Spanish,0,2,0,0.0,0.0,0.0,0.0,1.0,regex_baseline
34012B,Spanish,0,1,0,0.0,0.0,0.0,0.0,1.0,regex_baseline
34452B,Spanish,0,0,0,0.0,0.0,0.0,0.0,0.0,regex_baseline
39679A,Spanish,0,5,0,0.0,0.0,0.0,0.0,1.0,regex_baseline
31881D,Spanish,0,0,0,0.0,0.0,0.0,0.0,0.0,regex_baseline
34434B,Spanish,0,0,0,0.0,0.0,0.0,0.0,0.0,regex_baseline
28028B,Spanish,0,9,0,0.0,0.0,0.0,0.0,1.0,regex_baseline
28977A,Spanish,0,0,0,0.0,0.0,0.0,0.0,0.0,regex_baseline
40659C,Spanish,1,2,1,0.3333,0.5,0.4,0.5,0.6667,regex_baseline
33004B,Spanish,0,0,0,0.0,0.0,0.0,0.0,0.0,regex_baseline
34552A,Spanish,1,0,0,1.0,1.0,1.0,0.0,0.0,regex_baseline
33875A,Spanish,1,2,0,0.3333,1.0,0.5,0.0,0.6667,regex_baseline
30953B,Spanish,0,5,0,0.0,0.0,0.0,0.0,1.0,regex_baseline
30656A,Spanish,0,0,0,0.0,0.0,0.0,0.0,0.0,regex_baseline
35559D,Spanish,1,0,0,1.0,1.0,1.0,0.0,0.0,regex_baseline
32443C,Spanish,1,3,0,0.25,1.0,0.4,0.0,0.75,regex_baseline
28370D,Spanish,1,3,0,0.25,1.0,0.4,0.0,0.75,regex_baseline
31464A,Spanish,0,0,1,0.0,0.0,0.0,1.0,0.0,regex_baseline
34404B,Spanish,0,3,1,0.0,0.0,0.0,1.0,1.0,regex_baseline
35711A,Spanish,0,0,0,0.0,0.0,0.0,0.0,0.0,regex_baseline
39716B,Spanish,0,0,0,0.0,0.0,0.0,0.0,0.0,regex_baseline
39219D,Spanish,3,0,0,1.0,1.0,1.0,0.0,0.0,regex_baseline
36519A,Spanish,1,3,0,0.25,1.0,0.4,0.0,0.75,regex_baseline
36741A,Spanish,1,2,0,0.3333,1.0,0.5,0.0,0.6667,regex_baseline
34058B,Spanish,0,4,0,0.0,0.0,0.0,0.0,1.0,regex_baseline
31535C,Spanish,1,0,0,1.0,1.0,1.0,0.0,0.0,regex_baseline
34969A,Spanish,0,2,0,0.0,0.0,0.0,0.0,1.0,regex_baseline
27801A,Spanish,0,0,0,0.0,0.0,0.0,0.0,0.0,regex_baseline
39249C,Spanish,0,1,1,0.0,0.0,0.0,1.0,1.0,regex_baseline
29212B,Spanish,0,0,0,0.0,0.0,0.0,0.0,0.0,regex_baseline
33552A,Spanish,0,0,0,0.0,0.0,0.0,0.0,0.0,regex_baseline
29555C,Spanish,0,2,0,0.0,0.0,0.0,0.0,1.0,regex_baseline
39718A,Spanish,1,1,0,0.5,1.0,0.6667,0.0,0.5,regex_baseline
31255A,Spanish,0,3,0,0.0,0.0,0.0,0.0,1.0,regex_baseline
37564B,Spanish,0,2,0,0.0,0.0,0.0,0.0,1.0,regex_baseline
32649E,Spanish,0,0,3,0.0,0.0,0.0,1.0,0.0,regex_baseline
38026C,Spanish,0,0,0,0.0,0.0,0.0,0.0,0.0,regex_baseline
33108C,Spanish,0,0,0,0.0,0.0,0.0,0.0,0.0,regex_baseline
32653A,Spanish,1,1,1,0.5,0.5,0.5,0.5,0.5,regex_baseline
28319B,Spanish,2,2,0,0.5,1.0,0.6667,0.0,0.5,regex_baseline
33086A,Spanish,1,0,0,1.0,1.0,1.0,0.0,0.0,regex_baseline
28410B,Spanish,0,0,0,0.0,0.0,0.0,0.0,0.0,regex_baseline
35373B,Spanish,2,2,0,0.5,1.0,0.6667,0.0,0.5,regex_baseline
35276A,Spanish,0,2,0,0.0,0.0,0.0,0.0,1.0,regex_baseline
30353C,Spanish,0,0,1,0.0,0.0,0.0,1.0,0.0,regex_baseline
32619B,Spanish,0,0,0,0.0,0.0,0.0,0.0,0.0,regex_baseline
35168B,Spanish,0,3,0,0.0,0.0,0.0,0.0,1.0,regex_baseline
31574A,Spanish,0,1,0,0.0,0.0,0.0,0.0,1.0,regex_baseline
28742C,Spanish,0,0,0,0.0,0.0,0.0,0.0,0.0,regex_baseline
32921C,Spanish,0,1,0,0.0,0.0,0.0,0.0,1.0,regex_baseline
34538B,Spanish,0,0,0,0.0,0.0,0.0,0.0,0.0,regex_baseline
33790B,Spanish,0,4,0,0.0,0.0,0.0,0.0,1.0,regex_baseline
38033A,Spanish,0,1,1,0.0,0.0,0.0,1.0,1.0,regex_baseline
35126A,Spanish,0,0,0,0.0,0.0,0.0,0.0,0.0,regex_baseline
31444B,Spanish,0,1,0,0.0,0.0,0.0,0.0,1.0,regex_baseline
36109A,Spanish,0,0,0,0.0,0.0,0.0,0.0,0.0,regex_baseline
36832B,Spanish,0,2,0,0.0,0.0,0.0,0.0,1.0,regex_baseline
35909B,Spanish,0,0,0,0.0,0.0,0.0,0.0,0.0,regex_baseline
29379A,Spanish,1,1,1,0.5,0.5,0.5,0.5,0.5,regex_baseline
29486C,Spanish,0,0,0,0.0,0.0,0.0,0.0,0.0,regex_baseline
29075C,Spanish,0,0,1,0.0,0.0,0.0,1.0,0.0,regex_baseline
33016B,Spanish,0,0,0,0.0,0.0,0.0,0.0,0.0,regex_baseline
32737B,Spanish,0,5,0,0.0,0.0,0.0,0.0,1.0,regex_baseline
38503D,Spanish,0,0,0,0.0,0.0,0.0,0.0,0.0,regex_baseline
32235A,Spanish,0,0,0,0.0,0.0,0.0,0.0,0.0,regex_baseline
35221C,Spanish,1,1,0,0.5,1.0,0.6667,0.0,0.5,regex_baseline
40570A,Spanish,0,0,0,0.0,0.0,0.0,0.0,0.0,regex_baseline
32649D,Spanish,0,0,2,0.0,0.0,0.0,1.0,0.0,regex_baseline
37922A,Spanish,0,0,1,0.0,0.0,0.0,1.0,0.0,regex_baseline
29689B,Spanish,0,2,0,0.0,0.0,0.0,0.0,1.0,regex_baseline
30425A,Spanish,0,0,0,0.0,0.0,0.0,0.0,0.0,regex_baseline
35802A,Spanish,0,0,0,0.0,0.0,0.0,0.0,0.0,regex_baseline
34602A,Spanish,1,0,0,1.0,1.0,1.0,0.0,0.0,regex_baseline
33090C,Spanish,0,0,0,0.0,0.0,0.0,0.0,0.0,regex_baseline
34462A,Spanish,0,0,0,0.0,0.0,0.0,0.0,0.0,regex_baseline
28251D,Spanish,3,4,0,0.4286,1.0,0.6,0.0,0.5714,regex_baseline
28319C,Spanish,1,1,0,0.5,1.0,0.6667,0.0,0.5,regex_baseline
28230B,Spanish,3,3,0,0.5,1.0,0.6667,0.0,0.5,regex_baseline
29588C,Spanish,1,0,0,1.0,1.0,1.0,0.0,0.0,regex_baseline
37348G,Spanish,1,1,0,0.5,1.0,0.6667,0.0,0.5,regex_baseline
32164B,Spanish,0,9,0,0.0,0.0,0.0,0.0,1.0,regex_baseline
38639B,Spanish,0,1,0,0.0,0.0,0.0,0.0,1.0,regex_baseline
34108A,Spanish,0,2,0,0.0,0.0,0.0,0.0,1.0,regex_baseline
34741D,Spanish,0,0,0,0.0,0.0,0.0,0.0,0.0,regex_baseline
33871D,Spanish,0,0,0,0.0,0.0,0.0,0.0,0.0,regex_baseline
29776A,Spanish,0,0,0,0.0,0.0,0.0,0.0,0.0,regex_baseline
35866D,Spanish,1,8,0,0.1111,1.0,0.2,0.0,0.8889,regex_baseline
39862A,Spanish,0,0,0,0.0,0.0,0.0,0.0,0.0,regex_baseline
34695C,Spanish,0,0,0,0.0,0.0,0.0,0.0,0.0,regex_baseline
29635A,Spanish,0,3,1,0.0,0.0,0.0,1.0,1.0,regex_baseline
32101D,Spanish,0,1,0,0.0,0.0,0.0,0.0,1.0,regex_baseline
40461B,Spanish,0,2,0,0.0,0.0,0.0,0.0,1.0,regex_baseline
35936C,Spanish,0,0,0,0.0,0.0,0.0,0.0,0.0,regex_baseline
32009C,Spanish,1,0,0,1.0,1.0,1.0,0.0,0.0,regex_baseline
29927A,Spanish,0,0,0,0.0,0.0,0.0,0.0,0.0,regex_baseline
33000C,Spanish,3,0,0,1.0,1.0,1.0,0.0,0.0,regex_baseline
36015,Spanish,0,3,1,0.0,0.0,0.0,1.0,1.0,regex_baseline
37716D,Spanish,5,0,0,1.0,1.0,1.0,0.0,0.0,regex_baseline
31730B,Spanish,1,2,0,0.3333,1.0,0.5,0.0,0.6667,regex_baseline
35670B,Spanish,0,0,0,0.0,0.0,0.0,0.0,0.0,regex_baseline
32206C,Spanish,0,1,0,0.0,0.0,0.0,0.0,1.0,regex_baseline
34582A,Spanish,0,2,2,0.0,0.0,0.0,1.0,1.0,regex_baseline
39023C,Spanish,0,1,0,0.0,0.0,0.0,0.0,1.0,regex_baseline
34608A,Spanish,0,1,0,0.0,0.0,0.0,0.0,1.0,regex_baseline
34912,Spanish,2,3,1,0.4,0.6667,0.5,0.3333,0.6,regex_baseline
34344,Spanish,1,2,1,0.3333,0.5,0.4,0.5,0.6667,regex_baseline
37289A,Spanish,0,3,0,0.0,0.0,0.0,0.0,1.0,regex_baseline
35286E,Spanish,0,0,0,0.0,0.0,0.0,0.0,0.0,regex_baseline
31736A,Spanish,2,2,0,0.5,1.0,0.6667,0.0,0.5,regex_baseline
34135C,Spanish,0,3,0,0.0,0.0,0.0,0.0,1.0,regex_baseline
38783B,Spanish,0,0,0,0.0,0.0,0.0,0.0,0.0,regex_baseline
27927B,Spanish,0,0,0,0.0,0.0,0.0,0.0,0.0,regex_baseline
32688C,Spanish,0,0,0,0.0,0.0,0.0,0.0,0.0,regex_baseline
32139C,Spanish,0,0,0,0.0,0.0,0.0,0.0,0.0,regex_baseline
36759A,Spanish,0,0,0,0.0,0.0,0.0,0.0,0.0,regex_baseline
29258A,Spanish,0,0,0,0.0,0.0,0.0,0.0,0.0,regex_baseline
35566C,Spanish,1,1,1,0.5,0.5,0.5,0.5,0.5,regex_baseline
31874E,Spanish,0,0,0,0.0,0.0,0.0,0.0,0.0,regex_baseline
38529C,Spanish,0,0,0,0.0,0.0,0.0,0.0,0.0,regex_baseline
39941B,Spanish,0,2,0,0.0,0.0,0.0,0.0,1.0,regex_baseline
37543B,Spanish,0,0,0,0.0,0.0,0.0,0.0,0.0,regex_baseline
39562B,Spanish,0,0,0,0.0,0.0,0.0,0.0,0.0,regex_baseline
36962C,Spanish,3,3,0,0.5,1.0,0.6667,0.0,0.5,regex_baseline
36195B,Spanish,0,0,0,0.0,0.0,0.0,0.0,0.0,regex_baseline
28079A,Spanish,0,3,1,0.0,0.0,0.0,1.0,1.0,regex_baseline
35704A,Spanish,0,2,0,0.0,0.0,0.0,0.0,1.0,regex_baseline
34130C,Spanish,2,1,0,0.6667,1.0,0.8,0.0,0.3333,regex_baseline
31267B,Spanish,2,1,2,0.6667,0.5,0.5714,0.5,0.3333,regex_baseline
36529C,Spanish,0,0,0,0.0,0.0,0.0,0.0,0.0,regex_baseline
38300C,Spanish,0,2,0,0.0,0.0,0.0,0.0,1.0,regex_baseline
38217A,Spanish,1,0,0,1.0,1.0,1.0,0.0,0.0,regex_baseline
35496C,Spanish,4,0,0,1.0,1.0,1.0,0.0,0.0,regex_baseline
35486B,Spanish,1,2,0,0.3333,1.0,0.5,0.0,0.6667,regex_baseline
30786A,Spanish,0,0,1,0.0,0.0,0.0,1.0,0.0,regex_baseline
37464D,Spanish,0,1,0,0.0,0.0,0.0,0.0,1.0,regex_baseline
28413A,Spanish,1,0,0,1.0,1.0,1.0,0.0,0.0,regex_baseline
35566B,Spanish,0,0,1,0.0,0.0,0.0,1.0,0.0,regex_baseline
34206A,Spanish,0,4,0,0.0,0.0,0.0,0.0,1.0,regex_baseline
30029C,Spanish,0,0,0,0.0,0.0,0.0,0.0,0.0,regex_baseline
34798A,Spanish,0,0,0,0.0,0.0,0.0,0.0,0.0,regex_baseline
36190C,Spanish,0,0,0,0.0,0.0,0.0,0.0,0.0,regex_baseline
36062B,Spanish,0,0,0,0.0,0.0,0.0,0.0,0.0,regex_baseline
38202,Spanish,2,7,0,0.2222,1.0,0.3636,0.0,0.7778,regex_baseline
39209A,Spanish,0,2,1,0.0,0.0,0.0,1.0,1.0,regex_baseline
32848A,Spanish,1,1,2,0.5,0.3333,0.4,0.6667,0.5,regex_baseline
29752B,Spanish,1,0,0,1.0,1.0,1.0,0.0,0.0,regex_baseline
38912A,Spanish,0,4,1,0.0,0.0,0.0,1.0,1.0,regex_baseline
36835C,Spanish,1,3,0,0.25,1.0,0.4,0.0,0.75,regex_baseline
30966B,Spanish,0,0,0,0.0,0.0,0.0,0.0,0.0,regex_baseline
28129F,Spanish,0,0,0,0.0,0.0,0.0,0.0,0.0,regex_baseline
35401A,Spanish,0,1,0,0.0,0.0,0.0,0.0,1.0,regex_baseline
40706A,Spanish,0,0,0,0.0,0.0,0.0,0.0,0.0,regex_baseline
37148C,Spanish,2,4,0,0.3333,1.0,0.5,0.0,0.6667,regex_baseline
29258D,Spanish,0,0,0,0.0,0.0,0.0,0.0,0.0,regex_baseline
30313B,Spanish,0,2,0,0.0,0.0,0.0,0.0,1.0,regex_baseline
27973A,Spanish,0,0,0,0.0,0.0,0.0,0.0,0.0,regex_baseline
33680B,Spanish,1,4,0,0.2,1.0,0.3333,0.0,0.8,regex_baseline
31944A,Spanish,0,4,0,0.0,0.0,0.0,0.0,1.0,regex_baseline
33373B,Spanish,1,0,0,1.0,1.0,1.0,0.0,0.0,regex_baseline
29807A,Spanish,2,3,1,0.4,0.6667,0.5,0.3333,0.6,regex_baseline
33293A,Spanish,1,2,0,0.3333,1.0,0.5,0.0,0.6667,regex_baseline
36992C,Spanish,0,0,1,0.0,0.0,0.0,1.0,0.0,regex_baseline
30520C,Spanish,0,0,1,0.0,0.0,0.0,1.0,0.0,regex_baseline
33219D,Spanish,0,0,0,0.0,0.0,0.0,0.0,0.0,regex_baseline
34494B,Spanish,1,1,0,0.5,1.0,0.6667,0.0,0.5,regex_baseline
38206C,Spanish,0,1,0,0.0,0.0,0.0,0.0,1.0,regex_baseline
35920A,Spanish,0,0,1,0.0,0.0,0.0,1.0,0.0,regex_baseline
40244B,Spanish,1,2,0,0.3333,1.0,0.5,0.0,0.6667,regex_baseline
34068B,Spanish,0,0,0,0.0,0.0,0.0,0.0,0.0,regex_baseline
39573A,Spanish,1,1,0,0.5,1.0,0.6667,0.0,0.5,regex_baseline
39257D,Spanish,0,1,0,0.0,0.0,0.0,0.0,1.0,regex_baseline
37666A,Spanish,1,0,0,1.0,1.0,1.0,0.0,0.0,regex_baseline
37564A,Spanish,0,4,0,0.0,0.0,0.0,0.0,1.0,regex_baseline
28584D,Spanish,0,0,1,0.0,0.0,0.0,1.0,0.0,regex_baseline
37246A,Spanish,1,1,0,0.5,1.0,0.6667,0.0,0.5,regex_baseline
29606C,Spanish,0,0,0,0.0,0.0,0.0,0.0,0.0,regex_baseline
34728B,Spanish,0,5,0,0.0,0.0,0.0,0.0,1.0,regex_baseline
30560B,Spanish,2,3,0,0.4,1.0,0.5714,0.0,0.6,regex_baseline
35257B,Spanish,0,4,0,0.0,0.0,0.0,0.0,1.0,regex_baseline
32069C,Spanish,0,4,0,0.0,0.0,0.0,0.0,1.0,regex_baseline
36606C,Spanish,1,3,0,0.25,1.0,0.4,0.0,0.75,regex_baseline
34164B,Spanish,0,2,0,0.0,0.0,0.0,0.0,1.0,regex_baseline
34810A,Spanish,0,1,1,0.0,0.0,0.0,1.0,1.0,regex_baseline
32796C,Spanish,0,0,0,0.0,0.0,0.0,0.0,0.0,regex_baseline
31944B,Spanish,0,3,1,0.0,0.0,0.0,1.0,1.0,regex_baseline
30090C,Spanish,0,2,0,0.0,0.0,0.0,0.0,1.0,regex_baseline
33904A,Spanish,0,4,0,0.0,0.0,0.0,0.0,1.0,regex_baseline
40138A,Spanish,0,0,0,0.0,0.0,0.0,0.0,0.0,regex_baseline
34920C,Spanish,0,0,0,0.0,0.0,0.0,0.0,0.0,regex_baseline
32277B,Spanish,0,1,0,0.0,0.0,0.0,0.0,1.0,regex_baseline
35088A,Spanish,1,0,0,1.0,1.0,1.0,0.0,0.0,regex_baseline
32459,Spanish,0,0,1,0.0,0.0,0.0,1.0,0.0,regex_baseline
36792B,Spanish,0,0,0,0.0,0.0,0.0,0.0,0.0,regex_baseline
38173A,Spanish,0,1,0,0.0,0.0,0.0,0.0,1.0,regex_baseline
39490C,Spanish,0,2,1,0.0,0.0,0.0,1.0,1.0,regex_baseline
37459B,Spanish,0,0,0,0.0,0.0,0.0,0.0,0.0,regex_baseline
36390B,Spanish,0,0,0,0.0,0.0,0.0,0.0,0.0,regex_baseline
38634B,Spanish,1,1,0,0.5,1.0,0.6667,0.0,0.5,regex_baseline
37054B,Spanish,0,0,0,0.0,0.0,0.0,0.0,0.0,regex_baseline
31253F,Spanish,0,0,0,0.0,0.0,0.0,0.0,0.0,regex_baseline
35905C,Spanish,0,0,0,0.0,0.0,0.0,0.0,0.0,regex_baseline
30323E,Spanish,0,6,0,0.0,0.0,0.0,0.0,1.0,regex_baseline
31008B,Spanish,0,4,0,0.0,0.0,0.0,0.0,1.0,regex_baseline
31428A,Spanish,0,0,0,0.0,0.0,0.0,0.0,0.0,regex_baseline
35225B,Spanish,0,4,0,0.0,0.0,0.0,0.0,1.0,regex_baseline
31716C,Spanish,1,14,0,0.0667,1.0,0.125,0.0,0.9333,regex_baseline
30757B,Spanish,1,0,0,1.0,1.0,1.0,0.0,0.0,regex_baseline
40630A,Spanish,0,0,0,0.0,0.0,0.0,0.0,0.0,regex_baseline
31708C,Spanish,0,0,1,0.0,0.0,0.0,1.0,0.0,regex_baseline
38158A,Spanish,0,0,1,0.0,0.0,0.0,1.0,0.0,regex_baseline
31577B,Spanish,0,10,0,0.0,0.0,0.0,0.0,1.0,regex_baseline
37224C,Spanish,0,6,0,0.0,0.0,0.0,0.0,1.0,regex_baseline
36992A,Spanish,1,3,0,0.25,1.0,0.4,0.0,0.75,regex_baseline
37226,Spanish,0,4,1,0.0,0.0,0.0,1.0,1.0,regex_baseline
34318D,Spanish,0,0,0,0.0,0.0,0.0,0.0,0.0,regex_baseline
32001D,Spanish,0,3,0,0.0,0.0,0.0,0.0,1.0,regex_baseline
34203A,Spanish,0,1,0,0.0,0.0,0.0,0.0,1.0,regex_baseline
32378A,Spanish,0,3,0,0.0,0.0,0.0,0.0,1.0,regex_baseline
35254B,Spanish,0,0,1,0.0,0.0,0.0,1.0,0.0,regex_baseline
40494A,Spanish,0,5,0,0.0,0.0,0.0,0.0,1.0,regex_baseline
40502A,Spanish,0,0,0,0.0,0.0,0.0,0.0,0.0,regex_baseline
38511A,Spanish,0,0,0,0.0,0.0,0.0,0.0,0.0,regex_baseline
37467B,Spanish,0,3,0,0.0,0.0,0.0,0.0,1.0,regex_baseline
31352B,Spanish,0,1,0,0.0,0.0,0.0,0.0,1.0,regex_baseline
31564A,Spanish,0,3,0,0.0,0.0,0.0,0.0,1.0,regex_baseline
29410B,Spanish,1,4,1,0.2,0.5,0.2857,0.5,0.8,regex_baseline
35412D,Spanish,0,0,0,0.0,0.0,0.0,0.0,0.0,regex_baseline
36797A,Spanish,0,2,0,0.0,0.0,0.0,0.0,1.0,regex_baseline
35046C,Spanish,0,1,0,0.0,0.0,0.0,0.0,1.0,regex_baseline
32846A,Spanish,0,1,1,0.0,0.0,0.0,1.0,1.0,regex_baseline
39905D,Spanish,0,0,0,0.0,0.0,0.0,0.0,0.0,regex_baseline
33031A,Spanish,0,1,0,0.0,0.0,0.0,0.0,1.0,regex_baseline
38834B,Spanish,0,1,0,0.0,0.0,0.0,0.0,1.0,regex_baseline
32330C,Spanish,0,1,1,0.0,0.0,0.0,1.0,1.0,regex_baseline
38182A,Spanish,1,2,0,0.3333,1.0,0.5,0.0,0.6667,regex_baseline
38642B,Spanish,0,2,0,0.0,0.0,0.0,0.0,1.0,regex_baseline
29725A,Spanish,1,2,0,0.3333,1.0,0.5,0.0,0.6667,regex_baseline
31601B,Spanish,1,1,0,0.5,1.0,0.6667,0.0,0.5,regex_baseline
28275A,Spanish,0,0,1,0.0,0.0,0.0,1.0,0.0,regex_baseline
31559,Spanish,0,0,0,0.0,0.0,0.0,0.0,0.0,regex_baseline
37362C,Spanish,0,1,0,0.0,0.0,0.0,0.0,1.0,regex_baseline
28840B,Spanish,0,1,0,0.0,0.0,0.0,0.0,1.0,regex_baseline
32347B,Spanish,7,7,0,0.5,1.0,0.6667,0.0,0.5,regex_baseline
40319B,Spanish,0,0,0,0.0,0.0,0.0,0.0,0.0,regex_baseline
33710C,Spanish,1,2,0,0.3333,1.0,0.5,0.0,0.6667,regex_baseline
36532A,Spanish,0,1,0,0.0,0.0,0.0,0.0,1.0,regex_baseline
31132A,Spanish,0,0,0,0.0,0.0,0.0,0.0,0.0,regex_baseline
37825E,Spanish,0,1,1,0.0,0.0,0.0,1.0,1.0,regex_baseline
34194A,Spanish,1,1,0,0.5,1.0,0.6667,0.0,0.5,regex_baseline
30638C,Spanish,0,0,0,0.0,0.0,0.0,0.0,0.0,regex_baseline
30487A,Spanish,2,0,0,1.0,1.0,1.0,0.0,0.0,regex_baseline
39022B,Spanish,0,1,0,0.0,0.0,0.0,0.0,1.0,regex_baseline
34988D,Spanish,0,2,0,0.0,0.0,0.0,0.0,1.0,regex_baseline
31334B,Spanish,0,5,0,0.0,0.0,0.0,0.0,1.0,regex_baseline
40482B,Spanish,0,0,0,0.0,0.0,0.0,0.0,0.0,regex_baseline
35283A,Spanish,0,0,0,0.0,0.0,0.0,0.0,0.0,regex_baseline
37088B,Spanish,3,0,0,1.0,1.0,1.0,0.0,0.0,regex_baseline
31337C,Spanish,0,0,0,0.0,0.0,0.0,0.0,0.0,regex_baseline
29592B,Spanish,0,0,0,0.0,0.0,0.0,0.0,0.0,regex_baseline
29256A,Spanish,0,0,0,0.0,0.0,0.0,0.0,0.0,regex_baseline
35988B,Spanish,0,1,0,0.0,0.0,0.0,0.0,1.0,regex_baseline
37737B,Spanish,1,2,0,0.3333,1.0,0.5,0.0,0.6667,regex_baseline
35594C,Spanish,0,2,1,0.0,0.0,0.0,1.0,1.0,regex_baseline
30927D,Spanish,0,0,0,0.0,0.0,0.0,0.0,0.0,regex_baseline
30969A,Spanish,1,0,0,1.0,1.0,1.0,0.0,0.0,regex_baseline
28402A,Spanish,0,1,0,0.0,0.0,0.0,0.0,1.0,regex_baseline
36707C,Spanish,0,0,0,0.0,0.0,0.0,0.0,0.0,regex_baseline
40034,Spanish,0,3,0,0.0,0.0,0.0,0.0,1.0,regex_baseline
34894C,Spanish,1,1,0,0.5,1.0,0.6667,0.0,0.5,regex_baseline
30764B,Spanish,0,2,0,0.0,0.0,0.0,0.0,1.0,regex_baseline
36317C,Spanish,0,8,0,0.0,0.0,0.0,0.0,1.0,regex_baseline
30852C,Spanish,0,2,1,0.0,0.0,0.0,1.0,1.0,regex_baseline
28431A,Spanish,0,1,0,0.0,0.0,0.0,0.0,1.0,regex_baseline
29116A,Spanish,0,0,0,0.0,0.0,0.0,0.0,0.0,regex_baseline
33295A,Spanish,0,1,0,0.0,0.0,0.0,0.0,1.0,regex_baseline
32126,Spanish,1,1,1,0.5,0.5,0.5,0.5,0.5,regex_baseline
37413B,Spanish,0,9,0,0.0,0.0,0.0,0.0,1.0,regex_baseline
34078C,Spanish,0,1,0,0.0,0.0,0.0,0.0,1.0,regex_baseline
29125B,Spanish,0,3,0,0.0,0.0,0.0,0.0,1.0,regex_baseline
36843A,Spanish,0,0,0,0.0,0.0,0.0,0.0,0.0,regex_baseline
38157B,Spanish,0,6,0,0.0,0.0,0.0,0.0,1.0,regex_baseline
29595B,Spanish,0,1,0,0.0,0.0,0.0,0.0,1.0,regex_baseline
27751C,Spanish,0,0,0,0.0,0.0,0.0,0.0,0.0,regex_baseline
35130A,Spanish,0,0,0,0.0,0.0,0.0,0.0,0.0,regex_baseline
40416B,Spanish,0,0,0,0.0,0.0,0.0,0.0,0.0,regex_baseline
29883B,Spanish,2,0,0,1.0,1.0,1.0,0.0,0.0,regex_baseline
33163A,Spanish,0,4,1,0.0,0.0,0.0,1.0,1.0,regex_baseline
36504A,Spanish,0,0,1,0.0,0.0,0.0,1.0,0.0,regex_baseline
40502E,Spanish,0,0,0,0.0,0.0,0.0,0.0,0.0,regex_baseline
39698A,Spanish,0,0,0,0.0,0.0,0.0,0.0,0.0,regex_baseline
39657B,Spanish,1,1,0,0.5,1.0,0.6667,0.0,0.5,regex_baseline
34145A,Spanish,0,3,0,0.0,0.0,0.0,0.0,1.0,regex_baseline
34159B,Spanish,0,4,0,0.0,0.0,0.0,0.0,1.0,regex_baseline
36483B,Spanish,0,3,0,0.0,0.0,0.0,0.0,1.0,regex_baseline
30427A,Spanish,0,0,0,0.0,0.0,0.0,0.0,0.0,regex_baseline
37932B,Spanish,0,2,0,0.0,0.0,0.0,0.0,1.0,regex_baseline
31551C,Spanish,0,3,3,0.0,0.0,0.0,1.0,1.0,regex_baseline
32035C,Spanish,0,0,0,0.0,0.0,0.0,0.0,0.0,regex_baseline
31535A,Spanish,0,2,0,0.0,0.0,0.0,0.0,1.0,regex_baseline
36437,Spanish,0,5,1,0.0,0.0,0.0,1.0,1.0,regex_baseline
28539D,Spanish,0,0,0,0.0,0.0,0.0,0.0,0.0,regex_baseline
40075B,Spanish,0,2,1,0.0,0.0,0.0,1.0,1.0,regex_baseline
38125B,Spanish,0,6,0,0.0,0.0,0.0,0.0,1.0,regex_baseline
28976A,Spanish,0,1,0,0.0,0.0,0.0,0.0,1.0,regex_baseline
36498D,Spanish,0,1,0,0.0,0.0,0.0,0.0,1.0,regex_baseline
35423B,Spanish,0,8,0,0.0,0.0,0.0,0.0,1.0,regex_baseline
30851B,Spanish,1,0,0,1.0,1.0,1.0,0.0,0.0,regex_baseline
34941E,Spanish,0,2,0,0.0,0.0,0.0,0.0,1.0,regex_baseline
37707B,Spanish,0,0,0,0.0,0.0,0.0,0.0,0.0,regex_baseline
37495B,Spanish,0,4,0,0.0,0.0,0.0,0.0,1.0,regex_baseline
39285C,Spanish,2,2,0,0.5,1.0,0.6667,0.0,0.5,regex_baseline
40533C,Spanish,0,0,0,0.0,0.0,0.0,0.0,0.0,regex_baseline
28221B,Spanish,0,2,0,0.0,0.0,0.0,0.0,1.0,regex_baseline
40146B,Spanish,1,1,0,0.5,1.0,0.6667,0.0,0.5,regex_baseline
40268B,Spanish,0,1,0,0.0,0.0,0.0,0.0,1.0,regex_baseline
30121A,Spanish,0,0,1,0.0,0.0,0.0,1.0,0.0,regex_baseline
33363C,Spanish,0,0,0,0.0,0.0,0.0,0.0,0.0,regex_baseline
39716A,Spanish,0,2,0,0.0,0.0,0.0,0.0,1.0,regex_baseline
39151C,Spanish,1,1,0,0.5,1.0,0.6667,0.0,0.5,regex_baseline
30123D,Spanish,0,0,0,0.0,0.0,0.0,0.0,0.0,regex_baseline
40496A,Spanish,0,2,0,0.0,0.0,0.0,0.0,1.0,regex_baseline
40233B,Spanish,1,2,0,0.3333,1.0,0.5,0.0,0.6667,regex_baseline
28206,Spanish,1,1,0,0.5,1.0,0.6667,0.0,0.5,regex_baseline
39138B,Spanish,1,2,0,0.3333,1.0,0.5,0.0,0.6667,regex_baseline
33059F,Spanish,0,1,0,0.0,0.0,0.0,0.0,1.0,regex_baseline
38398C,Spanish,2,0,0,1.0,1.0,1.0,0.0,0.0,regex_baseline
34406C,Spanish,0,0,0,0.0,0.0,0.0,0.0,0.0,regex_baseline
30273B,Spanish,0,3,0,0.0,0.0,0.0,0.0,1.0,regex_baseline
40533B,Spanish,0,2,0,0.0,0.0,0.0,0.0,1.0,regex_baseline
37839B,Spanish,0,0,0,0.0,0.0,0.0,0.0,0.0,regex_baseline
39562C,Spanish,0,0,1,0.0,0.0,0.0,1.0,0.0,regex_baseline
40364A,Spanish,0,0,0,0.0,0.0,0.0,0.0,0.0,regex_baseline
31589B,Spanish,0,0,0,0.0,0.0,0.0,0.0,0.0,regex_baseline
39634B,Spanish,0,3,1,0.0,0.0,0.0,1.0,1.0,regex_baseline
28221C,Spanish,1,1,0,0.5,1.0,0.6667,0.0,0.5,regex_baseline
27829A,Spanish,0,0,0,0.0,0.0,0.0,0.0,0.0,regex_baseline
31716B,Spanish,1,5,0,0.1667,1.0,0.2857,0.0,0.8333,regex_baseline
35352B,Spanish,0,1,0,0.0,0.0,0.0,0.0,1.0,regex_baseline
35802C,Spanish,1,0,0,1.0,1.0,1.0,0.0,0.0,regex_baseline
29212A,Spanish,0,1,0,0.0,0.0,0.0,0.0,1.0,regex_baseline
40412A,Spanish,1,0,0,1.0,1.0,1.0,0.0,0.0,regex_baseline
32190B,Spanish,0,2,0,0.0,0.0,0.0,0.0,1.0,regex_baseline
31508C,Spanish,0,0,0,0.0,0.0,0.0,0.0,0.0,regex_baseline
33845A,Spanish,1,3,1,0.25,0.5,0.3333,0.5,0.75,regex_baseline
36350D,Spanish,0,5,0,0.0,0.0,0.0,0.0,1.0,regex_baseline
35046D,Spanish,0,0,0,0.0,0.0,0.0,0.0,0.0,regex_baseline
34798B,Spanish,1,0,0,1.0,1.0,1.0,0.0,0.0,regex_baseline
34387A,Spanish,0,1,0,0.0,0.0,0.0,0.0,1.0,regex_baseline
39817A,Spanish,0,0,1,0.0,0.0,0.0,1.0,0.0,regex_baseline
40565A,Spanish,0,0,0,0.0,0.0,0.0,0.0,0.0,regex_baseline
29563B,Spanish,0,0,0,0.0,0.0,0.0,0.0,0.0,regex_baseline
39290B,Spanish,0,0,1,0.0,0.0,0.0,1.0,0.0,regex_baseline
34024A,Spanish,0,1,0,0.0,0.0,0.0,0.0,1.0,regex_baseline
31348B,Spanish,0,1,1,0.0,0.0,0.0,1.0,1.0,regex_baseline
30329A,Spanish,0,0,0,0.0,0.0,0.0,0.0,0.0,regex_baseline
38694B,Spanish,0,10,0,0.0,0.0,0.0,0.0,1.0,regex_baseline
29294B,Spanish,3,2,0,0.6,1.0,0.75,0.0,0.4,regex_baseline
32133A,Spanish,0,1,1,0.0,0.0,0.0,1.0,1.0,regex_baseline
37610C,Spanish,1,3,0,0.25,1.0,0.4,0.0,0.75,regex_baseline
